Name,EPS12,EPS13,EPS14,EPS15,EPS16,Rev12,Rev13,Rev14,Rev15,Rev16,NP12,NP13,NP14,NP15,NP16,PE
2S,0.21,0.23,0.15,0.11,1.14,"4,065.19","4,100.96","4,246.66","3,714.00","3,946.83",52.64,68.03,41.9,33.72,343.07,6.44
A,0.12,0.02,0.04,0.22,0.27,"1,835.16","1,807.77","2,559.35","5,453.70","4,724.97",94.35,13.78,41.27,216.69,263.34,27.94
AAV,3.44,0.22,0.04,0.22,0.39,"31,246.04","24,413.84","26,275.30","30,463.58","33,130.30","15,648.57","1,042.76",183.18,"1,078.48","1,869.46",20.85
ABC,,,,,,342.71,137.04,60.44,60.3,56.21,-56.29,-127.65,-52.1,-73.32,-108.68,
ABICO,0.87,0.51,0.47,0.45,0.62,511.22,598.71,685.65,632.6,648.31,203.88,118.92,110.02,105.23,146.41,16.86
ACAP,,,,,0.69,233.88,142.09,167.23,154.12,421.15,-62.75,-107.59,-42.98,-25.14,174.33,26.76
ACC,,0.25,0.04,,,97.55,120.54,142.33,33.13,196.07,-8.74,48.01,8.45,-14.19,-22.52,
ADAM,,,,,3.12,220.19,93.52,75.41,132.89,"1,207.09",-50.44,-14.6,-69.82,"-1,095.65","1,153.08",
ADVANC,11.73,12.2,12.12,13.17,10.31,"142,684.54","143,653.64","150,028.94","156,015.25","152,717.99","34,883.23","36,274.13","36,033.17","39,152.41","30,666.54",16.93
AEC,0.06,,0.01,,,48.64,50.44,726.98,741.27,821.59,10.15,-40.07,12.38,-192.57,-24.88,
AEONTS,0.64,6.75,10.01,9.67,0.6,"9,680.80","11,502.33","14,556.61","16,579.05",395.45,161.07,"1,688.47","2,501.44","2,417.53",149.13,11.6
AF,1.1,1.62,0.62,,0.03,174.76,214.43,185.89,191.19,189.59,44.04,64.73,24.9,0.15,50.77,28.24
AFC,,0.19,0.31,,,"1,409.65","1,100.76","1,133.09",878.15,769.14,-22.71,8.44,14.06,-52.22,-11.95,39.74
AGE,,0.07,,0.07,0.09,"4,404.28","5,068.33","6,675.00","4,317.71","4,667.93",-24.31,95.33,-35.95,110.49,153.66,15.33
AH,4.05,2.05,1.14,0.97,1.7,"17,134.63","17,245.03","15,330.24","15,144.95","15,364.23",917.22,610.71,366.96,313.07,543.09,11.98
AHC,1.38,1.27,1.21,1.07,1.22,"1,287.47","1,395.47","1,524.51","1,531.29","1,620.16",172.36,190.5,181.69,160.21,182.54,31.82
AI,0.38,0.52,0.58,0.07,0.1,"4,350.61","5,068.11","5,499.97","4,381.89","4,673.91",190.21,259.68,291.89,183.74,293.85,14.58
AIE,,0.25,0.09,,0.01,"3,461.94","4,235.78","4,441.44","3,533.44","3,489.97",-51.84,200.83,96.88,-72.66,42.7,31.26
AIRA,,0.03,0.02,,,,792.03,863.59,700.29,689.4,,90.02,71.25,-98.96,-107.84,
AIT,5.41,7.74,3.19,2.58,2.08,"4,188.06","6,023.23","6,651.55","5,271.21","4,419.08",367.59,567.62,658.56,532.51,429.39,12.82
AJ,0.48,,,0.01,0.3,"5,286.59","5,452.36","6,545.55","6,259.45","7,032.50",190.01,-97.98,-247.86,3.79,121.25,22.82
AJD,0.14,0.14,0.04,,0.09,"1,751.18","1,650.36","1,869.92","1,768.81","2,558.05",32.31,68.3,122.15,6.38,355.46,14.08
AKP,0.15,0.12,0.12,0.14,0.13,363.82,492.08,547.99,531.49,531.1,48.07,42.15,49,55.07,54.17,18.34
AKR,0.14,0.59,0.08,0.07,,"2,330.89","2,469.85","2,075.96","2,111.76","1,698.49",111.09,504.21,104.68,94.61,-62.18,
ALLA,,,,,0.12,,,,,607.46,,,,,59.01,30.89
ALT,,,,0.36,0.32,,,,"2,624.17","2,038.76",,,,206.68,279.13,28.94
ALUCON,13.9,15.72,17.38,17.94,24.76,"4,938.07","5,199.64","5,820.02","6,007.94","6,220.59",600.35,679.24,750.73,775.07,"1,069.81",12.36
AMA,,,,,0.46,,,,,973.81,,,,,143.91,52.45
AMANAH,0.02,,,,0.03,324.91,324.34,275.38,229.38,351.27,14.62,-56.99,-224.29,-136.41,31.44,40.9
AMARIN,1.75,1.43,,,,"2,179.60","2,088.63","1,913.97","2,003.86","1,945.01",349.02,285.08,-85.18,-417.15,-628.12,
AMATA,1.35,1.42,2.08,1.14,1.12,"6,167.15","7,605.55","7,856.56","6,391.04","5,057.99","1,444.54","1,515.58","2,223.97","1,216.02","1,198.27",13.1
AMATAV,,,,0.16,0.05,,,,809.65,906.43,,,,121.37,49.82,1199.78
AMC,0.34,0.34,,,0.73,"7,353.44","5,445.55","4,833.60","4,261.23","5,125.99",163.92,165.05,-17.54,-241.78,349.3,5.22
ANAN,,0.24,0.39,0.36,0.42,"5,146.62","9,227.63","10,580.00","11,025.35","12,345.19",-287.45,811.54,"1,301.17","1,206.64","1,501.44",11.38
AOT,4.55,11.44,8.55,13.11,13.7,"32,475.17","44,949.85","39,770.73","45,773.37","52,783.34","6,499.75","16,347.35","12,220.37","18,728.65","19,571.46",30.12
AP,0.82,0.7,0.83,0.83,0.86,"17,503.04","20,060.33","23,206.98","22,398.00","20,818.40","2,329.26","2,013.30","2,615.45","2,623.38","2,702.56",8.95
APCO,0.28,0.39,0.46,0.04,0.05,294.37,355.87,433.07,415.83,454.71,55.73,78.84,118.77,100.62,131.42,31.45
APCS,0.31,,,,0.08,"1,073.17",972.98,806.06,826.19,990.79,101.6,-16.27,-70.7,-7.49,55.6,53.99
APURE,0.1,0.03,0.12,0.11,0.22,"1,135.77","1,110.99","1,239.98","1,247.01","1,565.12",55.7,17.29,79.31,96.29,191.6,12.82
APX,,,0.01,0.03,0.02,4.48,6.18,891.96,785.69,844.96,-115.65,-105.11,31.76,65.62,61.89,42.02
AQ,,0.03,,,,438.65,"1,235.39","1,768.26","1,546.62",,-89.46,173.3,-285.61,"-2,216.81",,
AQUA,0.02,0.16,0.08,0.06,0.05,432.26,643.2,771.95,749.08,683.42,31.22,291.14,284.24,285.17,236.57,13.24
ARIP,0.07,0.07,,,,252.39,530.52,276.69,325.96,178.34,31.31,33.14,-13.75,-9.86,1.85,144.54
ARROW,0.66,0.65,0.74,1.03,1.04,788.96,889.96,"1,014.30","1,224.64","1,365.66",93.52,129.63,148.41,245.66,262.71,16.5
AS,0.99,0.17,,,,"2,016.32","1,714.77","1,263.40",918.5,880.6,303.96,51.94,-390.68,-475.15,-216.68,
ASAP,,,,,0.16,,,,,"1,459.44",,,,,69.83,43.08
ASEFA,,,34.18,0.45,0.52,,,"1,704.19","2,563.17","2,814.21",,,113.83,206.75,288.23,14.52
ASIA,5.52,15.6,6.25,11.28,0.11,"1,269.54","1,790.03","1,400.67","1,662.77","1,364.43",176.54,499.25,200.03,361.07,3.53,456.06
ASIAN,0.08,,,0.5,0.43,"10,556.62","9,427.25","7,950.51","8,093.55","9,347.97",27.93,-198.7,-129.35,182.63,154.64,15.95
ASIMAR,0.25,0.25,0.16,0.35,0.19,632.77,719.81,607.67,766.39,614.59,58.63,65.52,40.57,90.18,48.37,14.14
ASK,1.63,1.86,1.91,1.93,2.01,"2,051.44","2,460.40","2,684.93","2,722.11","2,815.93",488.35,640.92,671,680.61,706.68,10.91
ASN,,,,0.23,0.23,,,,160.91,164.46,,,,24.62,27.84,29.69
ASP,0.29,0.51,0.39,0.26,0.36,"2,082.35","3,109.20","2,767.96","2,174.33","2,479.95",603.14,"1,067.33",827.88,557.74,755.65,9.31
ATP30,,,0.05,0.04,0.05,,,235.01,265.97,302.58,,,8.04,11.8,21.93,43.88
AU,,,,,0.18,,,,,608.39,,,,,98.77,75.58
AUCT,0.15,0.15,0.37,0.34,0.23,352.26,474.77,721.48,724.06,607.49,34.09,69.57,202.44,187.65,125.61,34.21
AYUD,0.38,2.36,7.45,2.71,2.46,"3,464.73","3,959.31","4,106.26","2,838.41","4,052.00",94.94,589.94,"1,861.88",676.91,615.17,15.38
BA,,0.62,0.21,0.86,0.84,,"21,115.36","22,561.22","25,407.06","27,451.33",,932.46,351.11,"1,796.86","1,768.41",51.13
BAFS,1.56,2.07,1.49,1.5,1.72,"2,670.90","3,133.71","3,024.84","3,359.64","3,711.52",796.53,"1,054.13",757.75,957.69,"1,097.12",23.55
BANPU,34.19,1.22,1.04,,0.46,"125,738.43","108,338.55","106,461.16","88,168.04","85,092.29","9,293.20","3,151.00","2,679.63","-1,534.25","1,677.12",26.87
BAT-3K,,5.97,10.26,11,7.83,"5,768.40","5,623.25","5,293.78","5,128.51","5,355.82",-269.47,119.46,205.18,219.91,156.51,27.3
BAY,2.41,1.95,2.33,2.54,2.91,"83,876.57","94,042.95","95,828.32","106,784.96","111,839.72","14,625.33","11,866.65","14,169.53","18,634.19","21,404.03",12.35
BBL,17.3,18.81,19.03,17.91,16.67,"125,997.33","134,691.21","138,964.84","143,242.04","140,919.56","33,021.46","35,905.57","36,332.18","34,180.63","31,814.85",10.86
BCH,0.46,0.23,0.21,0.21,0.3,"4,531.11","4,796.41","5,381.50","5,854.61","6,610.95",910.29,584.74,521.87,527.33,753.09,45.48
BCP,3.1,3.38,0.52,3.01,3.47,"168,162.16","189,413.27","185,475.60","151,873.23","145,900.28","4,272.56","4,652.92",711.59,"4,150.76","4,773.38",6.87
BCPG,,,,33.32,1.1,,,,"3,038.24","3,380.37",,,,"2,147.37","1,541.33",21.17
BDMS,5.14,4.05,0.48,0.51,0.54,"48,829.82","52,394.62","58,042.14","65,188.32","70,496.17","7,936.95","6,261.46","7,393.52","7,917.47","8,386.48",37.78
BEAUTY,1.35,0.7,1,0.13,0.22,777.65,"1,002.66","1,385.27","1,792.03","2,558.84",173.7,211.41,301.16,402.49,656.01,46.27
BEC,2.39,2.79,2.21,1.49,0.61,"15,127.81","16,696.99","16,381.51","16,017.91","12,534.57","4,777.25","5,589.48","4,414.99","2,982.71","1,218.29",48.12
BEM,,,,0.17,0.17,,,,"13,566.03","13,580.74",,,,"2,649.74","2,605.85",42.52
BFIT,0.48,0.51,0.48,0.49,0.65,393.78,385.2,355.9,321.15,310.31,96.1,102.65,96.16,98.46,129.82,30.7
BGT,0.11,0.06,,0.02,0.11,939.77,876.2,821.07,748.83,846.55,38.84,20.07,-2.89,7.08,39.6,18.03
BH,3.66,3.46,3.75,4.72,4.98,"14,041.64","14,657.27","15,910.54","17,941.96","18,128.01","2,666.73","2,520.78","2,730.30","3,435.83","3,626.17",35.17
BIG,1.25,81.77,0.05,0.13,0.24,416.15,,"3,451.95","4,767.53","5,663.12",15.62,"1,081.61",136.98,459.45,846.4,20.65
BIGC,7.44,8.46,8.77,8.36,7.77,"123,732.53","130,970.69","135,394.53","133,709.11","120,918.45","6,073.77","6,975.58","7,234.77","6,897.59","6,408.66",28.42
BIZ,,,,416,0.23,,,,318.94,743.23,,,,20.79,70.24,24.88
BJC,1.52,1.53,1.06,1.75,1.54,"38,120.48","42,904.35","44,217.47","44,596.32","137,779.14","2,414.79","2,425.97","1,679.50","2,791.73","4,001.19",41.8
BJCHI,352.77,4.93,3.14,0.83,0.07,"3,652.58","3,928.89","4,581.33","5,753.91","5,324.53",791.62,"1,206.30","1,003.67","1,320.18",112.41,
BKD,0.31,0.03,0.13,0.19,0.08,968.77,601.28,906.83,"1,153.61","1,367.83",162.18,14.79,94.39,159.06,78.93,24.54
BKI,8.23,22.99,21.66,22,22.78,"12,042.47","12,368.85","13,077.03","13,443.60","18,340.18",625.77,"1,748.47","2,305.75","2,342.33","2,425.79",15.36
BLA,2.73,3.62,1.57,2.41,3,"39,831.46","46,444.04","61,498.43","55,509.16","55,482.25","3,284.37","4,380.50","2,661.75","4,108.20","5,110.30",5.98
BLAND,0.03,0.13,0.1,0.06,0.18,"4,457.57","6,396.90","7,070.60","5,971.61","8,973.32",621.21,"2,337.87","2,096.22","1,203.42","3,443.02",19.11
BLISS,,,,,,373.23,193.15,469.15,853.04,690.69,-50.4,28.3,4.8,24.99,-165.49,
BM,,,,0.26,0.16,,,,806.13,850.86,,,,67.7,59.42,27.73
BOL,0.11,0.11,0.1,0.08,0.09,381.25,404.69,455.88,341.96,399.44,85.41,90.03,79.13,61.19,72.59,20.04
BPP,,,,,1.74,,,,,"9,813.83",,,,,"4,138.13",19.78
BR,,,0.96,0.69,0.23,,,"8,509.39","7,758.95","8,107.86",,,660.86,550.15,212.93,30.19
BROCK,0.03,,0.01,0.01,0.01,123.65,70.04,87.98,81.04,75.44,30.66,-15.5,12.14,8.26,5.46,431.6
BROOK,0.44,0.32,0.27,0.24,0.15,544.52,638.07,494.56,"1,183.52","1,122.34",326.37,254.37,255.85,807.4,805.75,5.1
BRR,,0.49,0.44,0.4,0.17,,"4,008.80","3,954.03","4,295.86","4,685.53",,205.33,235.97,271.96,113.08,26.89
BSBM,,0.09,0.01,,0.24,"2,410.26","2,649.54","1,940.78","2,054.27","2,510.45",-12.37,102.71,9.6,-86.06,268.1,6.65
BSM,0.09,0.2,0.03,0.01,,443.86,547.27,512.9,563.14,528.4,13.95,29.02,24.53,14.62,-10.63,
BTC,0.19,,,,,73.22,47.31,23.07,66.09,98.53,127.24,-235.64,-46.97,-42.54,-53.57,
BTNC,0.16,,,,1.89,857.16,"1,006.39","1,071.82","1,001.85",941.13,2.32,-0.06,-5.16,-7.85,22.69,6.76
BTS,0.04,0.25,1.08,0.25,0.35,"9,251.87","6,716.51","23,919.77","9,039.47","10,816.07","2,105.63","2,488.30","12,644.86","2,944.03","4,141.08",50.53
BTW,,,,0.56,0.16,,,,"1,949.10","1,897.07",,,,671.52,106.87,20.15
BUI,,1.54,3.03,1.03,0.26,768.32,633.32,546.56,661.18,"1,118.30",-64.31,30.85,60.52,20.54,7.79,6.68
BWG,0.11,0.23,0.27,0.1,0.1,"1,060.45","1,350.92","1,518.20","1,694.66","1,826.68",75.85,163.2,202.95,308.7,351.54,23.05
CBG,,1.19,1.22,1.26,1.49,,"6,929.42","7,574.64","7,874.32","10,112.15",,512.07,913.14,"1,255.53","1,489.76",55.99
CCET,0.29,0.11,0.25,0.34,0.26,"141,754.93","121,856.92","150,726.05","150,605.74","108,723.89","1,198.99",461.49,"1,059.46","1,544.69","1,168.56",11.57
CCN,,0.09,0.11,0.05,0.04,,218.65,233.02,205.56,316.75,,15.56,20.46,11.91,9.28,305.2
CCP,0.7,0.9,0.29,0.02,,"2,604.99","2,909.03","2,662.56","2,414.08","2,326.22",215.42,392.84,155.24,53.66,11.83,
CEN,0.05,0.15,0.19,,,"1,996.94","2,224.44","2,248.68","1,577.25","2,013.04",25.24,-2.15,122.97,-189.02,-123.2,
CENTEL,1.17,0.98,0.88,1.24,1.37,"15,439.49","17,578.88","18,486.39","19,291.38","19,940.26","1,580.77","1,321.92","1,188.49","1,675.68","1,849.55",25.92
CFRESH,1.19,,0.89,0.99,0.56,"6,343.22","6,969.59","8,503.71","7,979.45","7,618.53",531.04,-335.47,409.57,458.58,257.81,15.25
CGD,,,0.01,,,554.51,339.58,834.44,516.04,590.07,-77.81,-85.07,64.92,-456.6,-275.93,
CGH,,,0.15,0.02,0.09,,,"1,600.37","1,189.38","1,357.63",,,380.55,60.19,391.33,16.14
CHARAN,5.03,0.3,3.6,3,2.12,187.81,200.85,235.95,294.08,259.97,30.16,1.83,21.59,35.96,25.5,22.44
CHEWA,,,,0.25,0.09,,,,"1,429.94","1,203.24",,,,83.22,63.08,
CHG,0.34,0.41,0.44,0.05,0.05,"1,874.40","2,254.65","2,714.78","3,178.83","3,657.88",335.01,414.38,480.62,538.38,564.29,48.29
CHO,15.64,0.07,0.14,0.04,,691.16,874.88,"1,526.24","1,161.79","1,079.84",20.33,43.62,97.31,35.74,-91.29,
CHOTI,28.44,2.87,0.07,4.19,16.69,"3,769.27","3,220.74","2,866.64","2,335.20","3,484.25",213.3,21.49,0.49,31.43,125.16,11.9
CHOW,0.03,0.13,0.06,,0.04,"4,363.23","4,836.28","4,156.14","2,446.85","2,741.32",25.46,105.17,47.34,-110.42,32.53,
CHUO,,1.68,0.69,,,331.18,387.8,410.41,291.81,,-21.81,18.86,13.26,-107.95,,
CI,1.01,0.42,,0.19,0.2,"2,155.46","1,929.22","1,692.64","2,802.07","3,142.77",121.35,302.74,-20.57,131.67,158.9,20.02
CIG,,,0.15,,,"1,031.90","1,065.46","1,154.84","1,095.55",957.66,-84.71,-5.62,93.7,-7.24,-1.96,
CIMBT,0.09,0.07,0.05,0.05,,"12,793.01","15,202.39","15,713.11","16,731.40","16,861.44","1,580.94","1,490.11",988.8,"1,052.48",-629.53,
CITY,0.46,0.42,0.5,0.46,0.23,728.19,701.21,767.35,680.72,525.77,138.75,125.25,148.58,138.08,67.8,13.27
CK,0.34,4.64,1.36,1.29,1.18,"22,362.02","42,009.97","35,470.13","38,027.75","47,597.15",568.4,"7,673.85","2,296.26","2,192.64","2,002.40",23.5
CKP,0.09,0.22,0.43,0.06,0.01,"2,686.57","5,649.16","7,062.04","6,886.44","6,386.55",55.02,218.88,471.82,411.88,55.05,
CM,0.46,0.36,0.16,0.31,0.52,"1,520.86","1,463.34","1,433.35","1,432.20","1,487.30",174.74,135.82,60.43,119.56,196.38,11.69
CMO,0.55,0.18,,0.14,,"1,243.23","1,103.54","1,094.44","1,377.03","1,213.25",84.86,33.26,-32.45,26.94,-41.46,
CMR,5.18,9.12,9.62,12.45,0.1,"2,301.72","2,714.06","2,978.68","3,359.18","3,537.95",208.46,367.05,386.92,500.79,387.68,46.22
CNS,2.74,0.27,0.2,0.19,0.19,"1,115.24","1,598.18","1,640.50","1,691.14","1,691.87",187.99,394.04,425.21,415.96,412.18,12.01
CNT,0.93,0.45,,0.02,0.14,"7,320.92","9,043.91","9,437.20","7,354.59","7,003.29",465.78,442.18,-353.4,23.19,140.48,26.28
COL,1.18,1.28,1.37,1.23,1.2,"7,176.57","9,120.11","9,927.85","10,826.80","11,784.92",287.14,408.79,439.26,393.7,384.34,43.83
COLOR,,,,0.06,0.04,707.68,757.45,806.98,869.44,950.76,-0.5,-34.36,-15.04,33.31,21.9,51.43
COM7,,,0.23,0.26,0.34,,,"14,102.46","14,991.73","17,211.60",,,209.72,268.46,406.55,32.1
COMAN,,,,,0.45,,,,,133.57,,,,,33.37,42.15
CPALL,1.23,1.17,1.13,1.52,1.85,"197,815.60","284,670.29","371,301.08","405,893.24","451,938.85","11,023.23","10,536.99","10,153.77","13,682.46","16,676.51",31.92
CPF,2.59,0.96,1.43,1.5,1.99,"378,991.32","404,524.58","438,370.73","439,413.85","476,682.69","18,789.93","7,065.25","10,561.70","11,058.74","14,702.82",13.13
CPH,,,,1.26,,"1,245.31","1,261.10","1,372.43","1,379.15","1,294.26",-44.99,-64.08,-13.57,50.47,-100.47,
CPI,0.06,0.02,0.09,,,"4,031.83","4,213.97","4,669.05","3,925.44","5,201.40",31.65,9.05,49.91,-18.28,-16.27,
CPL,1.62,2.5,3.37,1.33,,"1,781.43","1,846.79","2,310.43","2,323.02","1,779.33",42.7,65.9,88.96,35.17,-56.48,53.19
CPN,2.84,1.42,1.63,1.76,2.06,"20,125.21","22,395.15","24,766.60","26,621.15","30,113.84","6,188.70","6,292.53","7,306.95","7,880.31","9,243.80",33.2
CPR,0.33,0.22,0.22,0.3,0.42,499.35,475.32,471.6,481.54,495.07,64.76,44.21,44.13,59.26,82.93,16.68
CRANE,0.38,0.13,0.38,,,"1,318.95","1,428.18","1,244.20",902.16,659.93,191.72,72.59,236.38,-45.19,-280.13,
CSC,5.57,6.49,6.31,6.22,7.16,"2,869.74","2,937.09","2,985.99","3,002.53","3,012.47",289.74,337.72,328.01,323.53,372.44,8.81
CSL,0.66,0.78,,0.53,0.51,"2,944.36","3,050.85","3,044.91","2,963.84","2,917.86",390.07,462.35,-149.94,315.1,305.9,11.64
CSP,0.2,0.16,0.28,,0.23,"4,311.70","3,980.95","3,866.33","2,650.62","2,727.16",100.57,77.06,140.45,-176.84,115.55,9.38
CSR,3.13,3.85,3.48,3.39,2.99,169.51,185.09,174.92,179.2,166.93,64.16,78.99,71.33,69.52,61.34,19.6
CSS,3.96,0.2,0.33,0.24,0.15,"3,302.11","3,160.52","4,008.10","4,574.43","4,713.05",158.27,110.11,235.22,248.38,169.58,18.86
CTW,1.34,0.74,0.28,,0.71,"7,537.03","6,917.32","6,880.53","6,451.25","6,641.02",532,295.84,112.91,-98.33,281.8,12.19
CWT,0.27,,0.08,0.11,0.08,"1,344.52",938.39,953.04,"1,388.41","1,635.27",85.95,-19.78,30.07,43.31,43.6,75.32
D,,,,,,,,,,,,,,,,39.94
DCC,3.08,3.18,0.3,0.21,0.22,"7,637.53","7,564.38","7,198.09","7,184.28","7,183.22","1,255.25","1,298.13","1,226.66","1,372.44","1,421.72",19.55
DCON,0.73,1.06,1.6,0.08,0.03,"1,053.03","1,330.46","1,879.54","1,166.60","1,034.74",145.99,215.39,328.75,176.19,138.14,12.71
DCORP,0.12,0.11,0.01,,,110.09,152.05,141.88,240.02,239.7,24.87,22.19,1.14,-909.12,-86.3,
DELTA,3.49,4.34,4.78,5.38,4.42,"41,527.86","42,378.03","45,096.97","47,993.26","47,651.76","4,347.38","5,415.69","5,961.65","6,713.82","5,516.29",20.66
DEMCO,0.78,0.55,0.52,,,"6,009.98","5,717.63","5,100.82","5,365.77","7,608.28",396.03,357.33,362.02,-509.85,-160.77,42.68
DIMET,,,,,,390.94,378.55,402.04,358.87,329.32,-8.53,-14.41,-9.87,-8,1.35,
DNA,0.12,0.07,,,,"1,466.94","1,723.25","1,528.38",722.89,726.28,53.04,48.1,-50.21,-457.78,-270.88,
DRACO,,0.11,,,,598.96,959.03,"1,084.83","1,322.61","1,804.95",-26.38,23.36,-52.68,-157.35,-158.07,
DRT,0.53,0.43,0.28,0.32,0.39,"3,953.18","4,428.98","4,250.05","4,174.32","4,160.85",545.91,450.92,289.29,330.99,392.03,14.52
DSGT,0.71,0.54,0.35,0.3,0.05,"6,768.12","7,574.87","8,303.80","7,556.85","7,464.61",640.27,486.78,437.1,0.07,68.77,218.3
DTAC,4.76,4.46,4.53,2.49,0.88,"90,261.16","94,984.32","90,868.43","88,053.56","82,800.14","11,278.08","10,569.38","10,728.75","5,893.11","2,085.83",103.96
DTC,1.77,1.94,,2.36,0.14,"4,748.58","5,434.10","5,317.35","5,369.59","5,425.13",149.42,163.7,-20.65,199.19,114.12,98.04
DTCI,1.29,1.22,0.34,1.77,3,269.23,256.22,238.42,247.51,242.44,12.92,12.25,3.39,17.7,30.03,10.16
EA,0.03,0.07,0.43,0.72,0.87,"4,478.99","3,998.99","7,601.27","9,212.17","10,439.25",107.05,267.92,"1,608.46","2,686.92","3,251.51",31.52
EARTH,0.5,0.39,0.35,0.34,0.25,"10,444.85","13,522.15","14,917.29","17,168.08","18,502.56","1,280.43","1,110.60","1,042.03","1,026.88",871.9,10.54
EASON,0.39,0.34,0.23,0.25,0.28,692.32,587.87,503.65,513.7,562.09,111.11,96.52,65.66,71.25,88.61,19.63
EASTW,0.75,0.79,0.8,0.95,0.78,"3,725.95","3,816.14","4,304.76","4,658.83","4,413.99","1,239.74","1,316.06","1,334.21","1,584.94","1,299.71",16.21
ECF,0.09,0.08,0.13,0.14,0.11,"1,082.75","1,193.31","1,235.32","1,358.30","1,427.74",35.64,40.79,69.88,75.43,62.44,39.96
ECL,0.09,0.11,0.09,0.08,0.03,202.44,226.67,251.19,270.29,306.08,37.39,45.85,54.79,49.77,25.03,64.61
EE,0.02,,,,,105.96,48.58,39.23,10.32,3.87,62.66,11.85,0.29,-102.52,-146.37,
EFORL,,,0.03,0.02,,87.2,170.77,"1,490.21","4,530.03","3,754.03",-65.43,26.46,240.73,210.39,-614.45,
EGCO,20.85,13.13,14.56,8.2,15.81,"24,564.23","26,054.32","24,659.17","24,833.57","30,921.90","10,979.40","6,913.74","7,666.98","4,319.18","8,320.80",12.6
EIC,,,,,,147.81,199.85,186.04,185.21,216.31,-6.78,-13.29,-323.1,-195.54,-134.64,
EKH,,,,2.24,0.15,,,,438.61,511.98,,,,48.57,75.27,45.87
EMC,0.02,,,,,"3,992.58","1,677.27","1,904.59",897.27,691.17,33.93,"-1,348.54",-203.69,-297.65,-271.73,
EPCO,0.13,0.25,0.35,0.34,0.16,691.17,783.43,896.28,889.99,881.15,65.21,130.59,221.72,247.18,118.74,49.8
EPG,,,0.3,0.27,0.5,,,"7,059.31","7,184.14","9,187.67",,,630.64,629.17,"1,413.47",26.36
ERW,0.05,0.42,,0.08,0.15,"4,363.76","5,612.72","4,374.95","5,320.11","5,663.95",105.88,936.77,-111.58,197.87,366.89,31.16
ESSO,,,,0.49,1.92,"245,562.57","245,633.29","221,205.15","170,322.51","151,482.17","-1,698.82",-378.76,"-10,346.46","1,700.24","6,648.75",6.03
ESTAR,,0.03,0.06,0.03,0.04,432.64,"1,644.09","1,481.70","1,758.05","1,967.64",-144.02,149.47,279.74,132.74,202.49,18.99
ETE,,,,,0.07,,,,,"1,416.41",,,,,31.17,42.69
EVER,,,,,,18.85,502.16,820.68,777.99,"1,005.31",-40.37,-9.67,-18.11,-96.24,-94.92,
F&D,3.06,0.81,,,,723.66,509.77,497.77,485.17,740.17,45.96,12.12,-24.47,-82.49,-64.62,
FANCY,,0.06,0.04,,,417.3,472.1,564,479.47,684.53,-68.62,27.19,20.29,-74.83,-137.82,
FC,,,,,,240.36,482.52,516.17,926.46,713.95,-27.86,-88.13,-251.87,-279.69,-423.36,
FE,15.53,13.6,8.9,13.61,14.1,772.16,768.14,698.89,823.73,831.49,116.51,102,66.75,102.11,105.74,11.54
FER,1.78,0.11,,,,"6,170.23","4,773.61","2,614.81","1,653.15",360.79,962.23,58.76,-214.4,-350.73,-164.19,
FMT,,0.71,1.73,2.3,3.66,"6,827.68","6,473.96","6,490.84","5,999.57","5,618.82",-13.93,34.05,83.06,110.59,175.45,10.26
FN,,,,,0.2,,,,,"1,098.67",,,,,146.36,44.92
FNS,,0.32,0.23,2.28,0.53,457.12,413.55,359.12,966.86,513.74,-34,74.06,56.43,562.83,130.68,7.89
FOCUS,0.52,,,0.03,,"1,105.98","1,108.84",549.04,498.61,330.34,64.56,-20.71,-33.14,3.31,0.12,
FORTH,0.1,0.26,0.35,0.48,0.38,"5,945.81","4,524.70","4,378.53","5,128.66","5,432.39",93.11,254.11,337.91,459.84,365.82,22.95
FPI,0.65,0.56,0.17,0.16,0.24,"1,585.86","1,730.82","1,858.03","1,861.63","2,028.85",162.53,163.77,199.3,192.38,285.67,22.3
FSMART,,0.15,0.24,0.34,0.53,,825.62,"1,164.31","1,683.96","2,427.08",,87.27,153.48,271.74,420.33,31.72
FSS,0.41,0.86,0.42,0.25,0.4,"1,813.60","2,437.45","1,854.72","1,708.58","1,890.41",181.5,399.86,229.79,137.85,231.32,6.61
FVC,0.11,0.09,0.06,0.06,0.05,260.89,305.9,363.27,368.44,397.1,15.04,13.66,12.54,13,12.31,68.2
GBX,0.01,0.04,0.03,0.01,0.04,"27,091.43","50,679.97","35,076.83","33,914.04","56,598.98",15.18,44.16,33.95,11.74,40.75,29.2
GC,0.39,0.35,0.24,0.4,0.46,"3,712.46","3,171.93","3,658.72","3,659.37","3,985.21",77.65,69.96,47.61,79.3,92.55,12.33
GCAP,0.22,0.28,0.3,0.28,0.21,141.01,163.4,186.22,177.36,152.63,32.64,42.81,59.42,55.21,41.28,18.36
GEL,0.1,0.11,0.04,0.02,0.02,"1,060.54","1,698.22","3,429.36","2,412.48","1,685.22",159.32,258.63,185.71,118.71,84.03,117.58
GENCO,0.03,0.01,,,,307.22,435.88,431.05,365.66,389.38,27.34,11.17,0.09,0.67,-23.82,
GFPT,0.03,1.2,1.42,0.95,1.31,"15,650.94","17,231.40","18,401.01","16,950.47","17,394.11",40.83,"1,503.62","1,779.59","1,194.92","1,643.70",13.57
GGC,,,,,,,,,,,,,,,,17.83
GIFT,0.39,0.23,0.25,0.3,0.35,658.96,679.34,826.53,753.25,785.02,51.19,49.54,75.54,90.15,105.74,17.8
GJS,,,,,,"8,275.91","10,744.63","14,692.30","12,309.25","11,761.36","-2,036.75","-1,598.94",-418.35,"-1,514.53",-7.14,4.44
GL,5.19,0.25,0.11,0.49,0.7,957.66,"1,471.54","1,872.07","2,488.70","2,922.14",357.38,240.31,114.7,582.89,"1,063.84",26.08
GLAND,0.01,0.09,0.16,0.3,0.19,"1,098.58","3,452.43","4,734.01","5,160.08","3,603.59",58.92,464.51,848.83,"1,732.38","1,112.21",14.21
GLOBAL,0.34,0.34,0.23,0.25,0.41,"11,098.82","14,736.69","16,055.01","17,410.93","19,474.11",609,885.02,701.71,880.59,"1,494.97",37.73
GLOW,3.8,4.93,6.25,5.71,6.12,"59,072.84","69,771.53","73,323.70","65,369.33","53,092.13","5,559.57","7,214.44","9,138.89","8,355.42","8,953.13",14.11
GOLD,,,0.2,0.4,0.46,"1,619.57","1,593.87","4,441.69","8,615.39","11,180.34",-613.07,-430.43,305.3,661.47,"1,046.30",16.07
GPSC,,,1.41,1.4,1.8,,,"24,158.84","23,359.46","21,784.83",,,"1,580.58","1,905.98","2,699.90",19.9
GRAMMY,,,,,,"11,843.64","11,019.67","10,268.42","9,708.09","7,446.66",-347.48,"-1,282.71","-2,314.01","-1,145.48",-520.15,
GRAND,,,0.22,,,993.72,"1,300.03","4,927.64","1,386.07","1,453.85",-416.52,-155.66,602.01,-120.48,5.9,
GREEN,,,,,,90.64,89.6,51.43,40.5,439.71,-181.33,-98.59,-82.23,-113.44,-106.19,
GSTEL,,,,,,"15,957.89","13,650.56","24,245.17","23,093.38","21,988.77","-4,612.49","-1,250.84","-1,870.08","-3,223.38","-1,043.27",9.89
GTB,,,,0.13,0.08,,,,948.31,"1,017.81",,,,68.91,72.88,13.89
GUNKUL,1.77,1.34,0.62,0.59,0.08,"4,715.22","3,005.73","3,330.83","4,870.70","3,638.65",779.56,882.9,545.27,685.14,537.72,49.66
GYT,120.5,44.47,32.05,52.09,37.77,"4,766.96","3,773.75","3,830.41","4,090.79","3,916.32",891.68,329.09,237.17,385.48,279.51,14.38
HANA,2.06,2.9,4.23,2.57,2.62,"18,387.89","19,151.65","23,171.23","20,988.91","21,064.28","1,660.53","2,337.20","3,405.50","2,066.37","2,105.42",17.49
HARN,,9.41,0.25,0.13,0.11,,521.27,583.43,582.95,662.72,,61.16,60.61,46.2,40.53,34.28
HFT,0.25,0.49,0.44,0.63,0.51,"2,394.33","2,384.23","2,567.18","2,623.76","2,558.92",157.56,320.55,290.77,413.77,337.76,10.4
HMPRO,0.38,0.32,0.27,0.27,0.31,"36,969.30","42,830.23","51,208.59","56,243.17","61,144.07","2,679.47","3,068.48","3,313.33","3,498.81","4,125.20",29.78
HOTPOT,0.06,0.11,,,,"1,908.15","2,353.68","2,322.00","2,165.71","2,068.51",23.33,42.78,-54.45,-94.99,-148.23,
HPT,,,0.03,0.02,0.02,,,132.75,115.12,133.02,,,13.76,10.5,9.31,63.98
HTC,0.71,0.93,0.58,0.51,1.21,"4,676.10","5,175.34","5,265.66","5,458.81","5,732.07",118.24,182.76,115.23,100.88,241.08,13.43
HTECH,0.36,0.19,0.26,0.24,0.45,533.11,575.68,701,724.33,826.2,88.56,49.88,67.79,63.22,117.89,18.23
HYDRO,0.43,,,,,881.57,704.78,597.41,745.04,414.73,56.49,-10.34,-177.63,-88.54,-130.55,
ICC,3.34,2.36,1.88,2.42,3.22,"14,409.09","13,933.30","12,562.82","12,924.07","13,465.95",972.03,684.55,545.19,703.2,936.28,10.88
ICHI,,0.88,0.89,0.63,0.28,,"6,531.84","6,208.89","6,356.77","5,266.09",,883.65,"1,078.76",812.74,368.48,63.51
IEC,,,,,,"1,054.86",774.36,512.48,607.79,,-284.38,88.31,13.41,0.14,,
IFEC,0.41,0.06,0.07,0.19,,752.16,629.97,638.07,"1,177.71",,168.56,28.01,72.7,332.2,,14.58
IFS,0.24,0.27,0.29,0.25,0.29,342.2,403.14,372.64,357.83,366.82,111.71,125.08,138.12,118.12,136.83,11.92
IHL,0.71,0.47,0.46,0.48,0.39,"1,916.26","1,797.49","1,862.62","2,406.70","1,957.45",250.13,197.13,193.7,201.78,191.27,19.88
ILINK,1.16,1.39,0.84,0.8,0.63,"1,467.64","1,996.51","2,694.76","3,078.99","2,971.94",116.46,166.84,218.94,265.58,220.86,31.56
INET,,0.01,,0.16,0.23,331.28,392.96,513.08,640.35,"1,020.68",-1.9,3.06,-6.82,39.11,84.38,16.71
INOX,,,0.03,0.01,0.08,"13,178.18","10,716.02","13,810.69","11,826.20","13,764.22",-17.4,-318.4,219.62,119.87,588.97,22.1
INSURE,,,,8.07,0.75,499.91,625.91,669.28,678.44,774.97,-63.32,-4.16,-32.3,80.74,7.45,62.47
INTUCH,4.3,4.54,4.6,5.01,5.11,"23,134.40","24,581.76","25,269.97","29,268.24","28,607.14","13,786.74","14,567.98","14,761.26","16,077.79","16,397.61",10.93
IRC,0.51,2.05,1.57,2.21,2.57,"6,572.08","6,835.15","5,496.52","5,186.25","5,002.40",102.53,409.1,313.47,441.52,513.63,9.19
IRCP,0.31,0.69,0.64,0.22,,860.95,"1,046.73","1,665.37","1,237.10","1,127.55",27.44,60.51,133.58,54.55,-100.75,
IRPC,,0.04,,0.46,0.48,"295,787.10","296,554.02","287,395.63","218,519.36","186,068.58",-958.88,826.27,"-5,234.64","9,401.76","9,720.83",11.37
IT,0.25,,,0.06,0.04,"5,930.16","5,415.25","5,038.43","5,029.59","4,999.20",87.37,-8.85,-11.33,22.34,15.36,52.67
ITD,0.03,0.2,0.11,,,"46,977.38","45,055.18","49,186.64","52,044.97","48,389.18",126.16,907.37,522.15,-361.74,-109.27,
ITEL,,,,0.1,0.19,,,,436.89,809.29,,,,30.67,67.24,66.46
IVL,0.96,0.28,0.28,1.2,3.15,"215,187.43","232,356.62","247,736.87","240,133.58","263,445.09","4,611.24","1,325.87","1,485.39","6,609.26","16,197.10",10.78
J,,,,0.22,0.02,,,,539.21,562.03,,,,58.15,5.65,
JAS,0.3,0.42,0.46,2.23,0.46,"10,501.85","11,260.21","12,411.19","33,427.14","18,150.84","2,136.50","3,002.51","3,270.86","15,710.41","3,001.61",14.93
JCT,6.9,7.01,9.1,7.21,5.57,742.88,765.38,851.19,847.25,838.12,93.21,94.63,122.89,97.38,75.13,16.94
JMART,0.96,0.96,0.71,0.62,0.7,"8,160.25","9,995.20","9,284.48","9,971.85","11,231.79",348.76,400.19,349.9,322.64,438.25,19.93
JMT,0.56,0.25,0.4,0.27,0.78,394.51,363.12,488.36,720.33,"1,216.23",109.83,75.08,120.61,94.64,290.41,22.78
JSP,,0.07,0.16,0.17,0.03,,847.39,"2,613.11","3,207.38","3,327.09",,122.78,486.81,701.94,123.8,38.94
JTS,,0.02,,,,"1,225.74",348.82,127.61,90.76,142.06,-178.36,12.01,-133.92,-43.57,-57.44,191.12
JUBILE,0.96,1.17,1.18,0.75,0.9,"1,230.92","1,465.59","1,699.88","1,491.47","1,383.45",165.87,202.8,205.12,131.12,157.28,19.24
JUTHA,,,,,,410.19,452.56,434.83,438.13,361.2,-2.95,-30.15,-28.41,-35.82,-117.11,
JWD,,,0.35,0.65,,,,"2,205.09","2,384.71","2,250.88",,,143.78,333.48,-8.86,
K,,,,0.49,0.28,,,,954.44,"1,182.13",,,,53.54,61.39,48.26
KAMART,0.33,0.27,0.14,0.32,0.4,709.05,876.76,"1,018.17","1,204.97","1,453.00",198.12,160.99,92.18,209.66,263.83,28.73
KASET,,,,,,992.55,"1,082.71","1,158.08","1,171.02","1,303.02",-128.6,-48.41,-67.71,0.82,-10.17,
KBANK,14.73,17.27,19.28,16.49,16.79,"137,706.65","155,162.80","170,447.83","175,981.50","178,839.33","35,259.80","41,324.81","46,153.41","39,473.64","40,174.10",11.05
KBS,1.45,0.92,0.56,,,"6,636.94","5,972.27","6,304.54","6,726.64","7,161.02",725.6,501.54,318.68,-50.18,-355.26,
KC,0.04,0.01,0.03,0.01,,605.16,463.65,537.52,936.78,,38.56,10.9,23.8,10.27,,10.17
KCAR,1.59,1.09,0.85,0.81,1.32,"2,502.24","2,058.84","1,887.80","1,945.79","2,002.97",394.56,273.16,213.71,203.44,330.6,10.49
KCE,1.55,2.53,3.89,3.93,5.23,"7,205.64","9,485.75","11,688.68","12,552.34","14,006.58",712.33,"1,173.50","2,109.77","2,240.11","3,038.75",21.17
KCM,,210.36,0.03,0.03,0.02,,840.11,690.02,567.63,448.37,,42.07,7.07,17.06,12.71,292.86
KDH,0.89,,,,,304.42,328.2,354.6,450.38,626.46,13.28,-60.28,-32.48,-43.65,-24.51,
KGI,0.22,0.39,0.38,0.29,0.51,"1,908.56","2,758.66","2,583.64","2,481.95","3,245.86",442.85,783.2,761.34,587.22,"1,022.37",7.41
KIAT,0.62,0.53,0.05,0.04,0.04,977.89,"1,012.71",872.27,841.84,838.1,137.12,117.42,100.03,112.92,115.27,15.31
KKC,0.25,,0.06,0.19,0.05,"12,021.15","11,173.55","11,747.44","10,770.92","8,851.82",215.82,0.88,57.42,212.38,63.3,81.66
KKP,4.88,5.29,3.14,3.92,6.55,"18,479.56","21,073.77","20,374.32","19,634.19","20,278.81","3,391.29","4,418.19","2,636.08","3,317.10","5,546.73",9.8
KOOL,,,0.1,0.02,0.18,,,463.49,640.78,889.59,,,31.4,8.03,87,34.99
KSL,1.5,1,0.97,0.2,0.32,"22,704.95","19,717.68","19,631.42","19,526.99","18,465.92","2,354.26","1,661.39","1,626.22",815.39,"1,426.15",15.71
KTB,2,2.43,2.37,2.04,2.31,"121,010.26","132,529.86","139,447.31","160,758.35","160,216.10","23,527.02","33,929.27","33,191.03","28,493.77","32,283.03",8.03
KTC,0.99,4.97,6.81,8.04,9.68,"11,357.65","12,045.03","12,497.56","13,443.72","15,062.78",255,"1,282.63","1,754.98","2,072.61","2,494.71",12.78
KTIS,,0.39,0.37,0.19,,,"18,878.36","20,376.73","19,456.54","15,086.59",,"1,263.84","1,365.76",729.95,-512.53,
KWC,10.62,11.22,12.03,9.4,11.98,225.94,220.18,243.84,242.49,243.6,63.73,67.31,72.2,56.4,71.86,16.1
KWG,,,,,0.28,136.35,148.75,361.08,321.11,575.91,-100.18,-140.44,-56.38,-67.26,60.77,56.45
KYE,31.63,39.08,23,42.13,38.27,"9,810.29","10,186.40","8,883.47","9,430.85","9,510.96",695.78,859.85,506.04,926.9,841.85,8.17
L&E,1.78,2.48,0.38,0.15,0.17,"2,274.23","2,468.83","2,617.44","2,686.56","2,962.12",90.02,143.4,147.06,62.68,74.11,23.64
LALIN,0.33,0.51,0.53,0.43,0.61,"1,730.29","2,333.45","2,383.80","2,094.43","2,722.12",269.15,418.31,434.85,355.19,500.31,7.6
LANNA,2.62,1.09,0.82,0.59,0.52,"13,467.82","12,179.69","12,268.95","10,207.62","8,831.86",915.8,572.29,430.47,309.61,271.45,23.14
LDC,,3.02,0.02,,,,350.47,341.03,318.14,350.29,,13.21,7.09,-30.62,-82.53,
LEE,0.38,0.27,0.19,0.16,0.27,"4,117.64","3,994.02","3,834.74","3,505.79","3,478.95",271.94,233.87,177.44,145.56,248.14,11.55
LH,0.56,0.65,0.8,0.69,0.73,"26,714.47","27,850.48","34,141.77","31,461.92","34,816.49","5,635.73","6,478.40","8,423.07","7,920.23","8,617.97",14.16
LHBANK,0.06,0.07,0.09,0.12,0.2,"5,057.20","6,905.38","7,907.75","9,101.53","9,875.30",682.78,893.4,"1,201.39","1,651.71","2,696.44",9
LHK,0.3,0.48,0.39,0.36,0.26,"2,323.56","2,940.75","3,395.61","3,416.86","3,208.22",96.72,157.2,148.65,137.55,97.69,9.98
LIT,,0.29,0.26,0.35,0.5,,104.65,128.07,190.91,287.19,,32.1,47.81,70.45,100.66,23.52
LOXLEY,0.26,0.28,0.16,0.09,0.08,"14,979.71","15,962.36","15,286.88","12,250.03","14,509.03",526.06,590.27,352.51,209.92,172.42,30.16
LPH,,,,0.17,0.21,,,,"1,255.70","1,362.93",,,,100.45,155.9,43.81
LPN,1.5,1.58,1.37,1.64,1.47,"13,482.52","14,400.50","12,959.92","16,673.64","14,650.64","2,216.79","2,328.58","2,021.42","2,413.40","2,176.23",9.58
LRH,0.25,0.67,0.11,1.05,2.28,"4,299.28","4,597.72","4,105.76","5,658.23","5,341.66",41.39,111.79,18.14,175.26,380.25,14.12
LST,0.34,0.31,0.46,0.38,0.4,"7,740.35","7,343.01","8,550.04","8,290.81","8,351.57",277.78,250.34,380.67,311.42,330.58,16.66
LTX,2.52,12.97,8.94,1.66,8.68,"8,018.36","9,012.83","9,386.81","2,286.95","9,048.99",130.66,672.31,463.3,85.87,449.78,8.61
LVT,,,,,,"2,088.02","1,451.45",598.31,,,-293.2,-192.09,-169.95,,,
M,4.13,2.57,2.25,2.04,2.3,"13,141.13","14,240.35","15,104.54","14,922.58","15,498.36","2,040.51","2,039.17","2,042.38","1,856.00","2,099.76",24.58
MACO,0.8,0.68,0.04,0.06,0.03,753.2,745.58,668.31,721.35,756.2,139.51,173.75,133.47,170.65,102,48.52
MAJOR,0.92,1.18,1.22,1.31,1.33,"7,555.15","8,239.43","9,053.50","9,201.97","9,580.11",811.14,"1,051.63","1,086.28","1,170.92","1,188.22",23.94
MAKRO,14.82,0.9,1.02,1.12,1.13,"114,955.85","129,780.72","142,531.93","155,917.19","172,790.13","3,555.92","4,298.58","4,884.89","5,378.48","5,412.52",29.27
MALEE,9.23,2.02,2.22,2.37,3.79,"6,285.71","5,205.16","4,852.09","5,512.41","6,578.77",645.9,282.8,306.96,330.76,530.02,26.9
MANRIN,,,,,0.14,43.75,70.71,279.98,331.53,344.41,-22.03,-45.96,-30.35,-20.88,3.81,141.51
MATCH,0.24,0.2,0.06,,,616.82,690.77,703.55,607.34,462.91,61.45,77.74,29.47,-50.24,-65.83,
MATI,0.56,0.59,,,,"1,459.78","1,608.89","1,226.35","1,076.48",983.14,104.13,109.21,-50.85,-103.34,-63.67,
MAX,,,,,,649.6,100.3,177.44,114.54,261.85,-124.33,-11.04,-12.41,-15.11,84.57,15.09
MBAX,0.51,0.07,0.33,0.56,0.39,"1,499.55","1,479.94","1,759.79","1,731.70","1,535.73",64.82,9.52,42.48,75.92,58.08,14.87
MBK,12.51,28.9,1.19,1.36,1.54,"9,130.64","13,130.84","10,080.11","12,212.88","11,267.67","1,894.60","4,107.99","1,591.41","1,815.18","2,054.51",12.92
MBKET,1.29,2.53,2.21,1.79,1.71,"3,304.80","4,935.78","4,503.37","4,175.63","3,671.40",738.4,"1,445.82","1,264.22","1,019.23",974.49,12.98
MC,10.61,1.05,0.89,0.92,1.05,"1,437.93","3,017.08","3,537.60","3,957.67","4,485.42",318.26,733.44,711.64,732.02,842.86,17.25
M-CHAI,9.19,9.76,7.43,10.56,10.91,"1,659.36","1,745.95","1,829.11","1,955.86","2,180.30",145.79,154.8,117.87,167.6,173.09,21.36
MCOT,2.56,2.22,0.73,0.08,,"5,947.45","5,984.77","4,455.38","3,840.19","2,830.38","1,758.87","1,526.93",503.79,57.81,-734.89,
MCS,0.33,0.79,0.16,1.24,2.6,"2,607.26","2,449.22","1,066.47","3,653.71","5,746.08",164.95,393.11,82.02,618.22,"1,229.26",7.36
MDX,1.11,0.53,0.83,0.48,0.14,"1,328.93","1,182.32","1,347.65",882.46,574.51,457.28,216.68,341.34,195.44,58.32,30.03
MEGA,82.86,0.84,0.63,0.8,0.92,"6,034.85","7,095.50","7,767.91","8,096.73","8,842.40",555.6,624.02,547.88,695.75,794.91,27.27
METCO,,,25.27,35.44,23.65,"12,661.45","11,460.82","16,724.99","16,914.18","16,232.66",-487.01,-832.16,528.05,740.64,494.26,11.74
MFC,1.64,2.84,1.97,1.57,1.55,829.16,"1,179.05",942.37,890.46,918.08,196.27,340.83,236.42,188.54,187.53,13.65
MFEC,0.42,0.53,0.61,0.45,0.5,"3,696.48","4,790.64","5,175.92","3,382.33","3,375.08",182.33,232.21,270.43,196.53,221.77,9.81
MGT,,,,,0.16,,,,,566.56,,,,,32.57,31.02
MIDA,,0.22,0.04,0.03,0.03,"2,253.53","2,598.10","2,360.99","2,549.62","2,727.99",-402.7,232.33,84.19,75.58,79.02,35.47
MILL,0.02,,,0.21,0.1,"16,602.08","13,904.22","10,489.45","13,605.41","19,700.47",89.71,-114.22,-998.68,683.9,395.5,39.94
MINT,0.94,1.04,1.1,1.6,1.5,"32,993.51","36,936.24","39,787.07","48,149.03","56,972.78","3,408.55","4,101.38","4,401.79","7,040.16","6,590.00",33.03
MJD,,,0.77,0.14,0.48,"2,568.03","3,378.14","6,190.77","3,501.91","5,405.66",-90.87,-162.87,659.35,124.31,411.82,12.01
MK,0.3,0.5,0.52,0.71,0.35,"1,773.25","2,798.13","2,384.90","3,996.52","3,081.29",259.93,428.56,447.33,626.71,350.79,12.97
ML,0.17,0.14,0.1,0.11,0.12,466.03,479.16,486.32,513.3,525.72,135.43,112.38,87.2,102.87,118.22,15.87
MM,,,,,,,,,,,,,,,,
MODERN,0.57,0.57,1.05,0.88,0.23,"3,211.30","3,616.42","4,340.52","4,337.41","3,310.99",410.03,420.49,784.83,662.46,172.93,26.69
MONO,0.58,0.39,0.01,,,"1,561.87","1,497.96","1,603.43","1,925.14","2,112.70",607.6,501.12,38.89,-486.57,-249.55,
MOONG,0.42,0.49,0.48,0.56,0.56,694.69,789.16,760.54,751.07,789.95,50.45,59.05,57.74,74.74,77.81,14.53
MPG,0.01,0.09,0.01,,,552.45,559.94,423.08,384.44,317.58,5.97,73.54,6.47,-60.47,-98.36,
MPIC,,,,,,"1,008.38",776.5,857.01,550.32,496.09,-314.7,-246.55,-183.26,-100.1,-82.98,
MSC,0.61,0.57,0.49,0.57,0.52,"6,446.33","6,784.66","7,080.97","7,024.06","7,692.80",220.55,204.3,176.02,206.14,188.06,10.31
MTI,,13.09,14.5,15.72,10.73,"5,401.85","6,600.47","6,946.22","8,020.81","14,534.27",-862.45,772.39,855.61,927.75,633.22,13.21
MTLS,,23.1,0.33,0.39,0.69,,"1,548.25","1,856.08","2,558.94","4,472.00",,351.44,544.12,825,"1,464.14",41.59
NBC,0.28,0.15,0.02,,,740.42,680.67,741.87,846.15,536.52,48.03,51.04,10.71,-20.56,-275.46,
NC,3.2,2.46,1.93,0.72,0.97,691.05,694.81,647.86,641.1,673.27,47.79,36.76,28.78,10.8,14.52,18.47
NCH,0.08,0.09,0.1,0.1,0.02,"1,573.97","1,681.31","1,843.53","2,137.33","1,435.97",100.08,105.28,114.07,124.93,20.72,39.02
NCL,,0.13,0.06,,,,935.91,922.72,"1,081.03","1,011.23",,41.62,19.54,-80.6,-8.18,
NDR,,57.06,0.32,0.16,0.26,,861.43,796.13,797.03,855.47,,65.61,45.66,34.19,56.05,13.84
NEP,0.25,,,,,645.27,337.08,320.86,355.69,322.25,344.1,-52.73,-216.76,-123.22,-70.9,
NETBAY,,,,0.41,0.49,,,,225.22,277.09,,,,65.05,89.32,35
NEW,0.43,1.09,1.11,1.3,1.09,254.33,268.68,289.85,325.38,303.55,4.31,10.88,11.1,13,10.89,121.71
NEWS,,,,,,223.04,228.62,267.33,268.64,347.65,-146.17,-197.42,-559.97,-605.71,"-1,502.25",
NINE,0.33,0.16,0.01,,,354.85,359.45,268.47,227.62,182.21,28.21,20.52,1.73,-18.35,-212.7,
NKI,1.26,8.26,7.6,1.55,1.03,"2,993.14","2,351.55","2,408.90","2,769.01","3,164.54",37.81,247.81,235.47,49.68,34.02,37.54
NMG,0.12,0.1,0.02,0.01,,"3,102.33","3,060.67","2,951.23","3,165.36","2,183.14",191.33,251.72,64.46,35.58,"-1,102.85",
NNCL,0.15,0.2,,,0.08,"1,149.50","1,373.99",660.17,"1,122.90",784.66,222.15,305.87,-444.74,-143.87,159.79,12.66
NOBLE,0.71,0.71,0.36,,1.49,"2,657.13","3,214.63","2,358.11",447.16,"4,567.53",324.64,323.05,163.25,-467.66,682.2,3.91
NOK,10.09,1.88,,,,"8,259.56","11,314.73","12,312.93","14,296.20","16,938.32",504.68,"1,066.10",-471.66,-726.1,"-2,795.09",
NPK,4.88,2.31,2.52,2.8,4.28,432.05,407.54,386.86,378.48,398.84,48.82,23.12,25.24,27.96,42.79,6.96
NPP,1.25,,,,,528.2,303.58,217.81,350.95,"1,020.76",192.11,-34.7,-75.32,-139.26,-137.81,
NSI,4.23,13.17,11.72,10.33,6.5,"1,552.47","1,859.86","1,876.36","2,197.48","2,278.65",58.73,183.01,162.91,143.64,90.3,12.27
NTV,1.54,1.51,1.66,1.86,1.98,"1,735.18","1,794.64","1,894.84","1,911.81","1,991.79",245.86,241.22,265.39,298.26,317.39,25.6
NUSA,0.04,,0.04,0.01,,543.46,341.61,"1,271.58","1,208.47","1,042.21",77.03,-49.85,57.42,50.3,-201.85,
NVD,,,0.14,0.11,,,,367.85,402.16,341.09,,,12.72,13,-15.59,138.01
NWR,0.35,0.03,,,0.02,"7,270.15","6,955.69","7,891.89","7,672.81","8,399.41",538.91,58.36,9.12,-173.84,52.02,103.83
NYT,0.9,0.86,0.65,0.72,0.63,"1,163.76","1,263.94","1,328.94","1,409.81","1,426.46",330.37,379.87,404.23,444.59,390.03,23.86
OCC,1.76,1.69,1.59,1.38,1.18,"1,624.20","1,555.78","1,459.44","1,455.45","1,417.50",105.73,101.37,95.49,82.88,70.79,13.93
OCEAN,61.6,0.07,0.05,,,264.47,283.62,321.87,296.71,331.95,18.48,16.22,22,-3.73,1.57,
OGC,,,2.2,6.26,4.43,"2,047.63","2,011.85","2,090.57","1,991.69","2,054.95",-73.51,-42.44,47.02,133.43,94.57,8.68
OHTL,19.19,22.2,11.6,11,10.11,"2,301.71","2,367.28","1,933.61","1,935.65","2,069.38",307.01,347.53,175.21,166.03,152.67,96.92
OISHI,3.49,2.43,2.8,3.8,4.73,"11,702.29","12,269.24","12,516.35","12,963.16","10,508.42",653.83,455.57,524.94,712.19,887.21,19.94
ORI,,,,0.79,0.58,,,,"2,055.08","3,199.04",,,,386.32,637.56,30.38
OTO,,0.43,0.26,0.24,0.3,,691.9,790.43,996.3,968.88,,89.66,65.99,66.23,83.38,24.38
PACE,0.02,,,,,"1,088.90",345.09,607.63,"3,512.30","5,466.74",28.15,-795.37,-378.77,"-1,785.02","-2,326.40",
PAE,,,,,,"1,697.56","1,055.09","1,193.63",745.94,550.44,-332.68,-499.5,-635.49,-182.61,-239.47,
PAF,,0.44,0.06,0.3,0.45,"2,448.65","1,938.45",621.77,764.95,"1,049.40",-992.2,232.26,30.86,162.95,242.36,5.21
PAP,0.4,0.62,0.27,,0.83,"7,277.72","7,470.80","7,019.95","6,615.59","7,150.37",265.04,407.3,181.08,-42.99,546.38,8.4
PATO,0.61,0.96,0.92,0.71,0.96,418.59,736.57,725.12,649.93,721.64,85.29,135,129.15,99.82,137.29,11.65
PB,1.9,2.1,2.31,2.9,3.25,"5,945.36","6,443.48","6,917.71","7,418.56","7,642.88",853.74,944.32,"1,041.18","1,304.66","1,462.95",19.79
PCA,,0.48,0.23,0.21,,,751.05,963.69,"1,027.73",717.32,,48.82,48.45,53.39,-24.72,
PCSGH,,1.19,0.49,0.35,0.25,,"5,162.34","4,094.77","4,145.87","3,742.05",,"1,376.58",717.21,541.73,382.08,26.48
PDG,,0.3,0.25,0.31,0.35,,699.1,692.45,673.15,639.62,,59.13,58.41,82.72,93.33,13.09
PDI,,,2.04,0.67,2.11,"7,683.58","5,495.04","5,625.38","5,490.33","5,340.94",-571.4,-530.06,461.13,150.76,477.77,6.51
PE,0.06,0.04,,,,559.12,545.62,553.65,599.74,691.53,45.84,28.85,-81.43,-154.85,-262.42,
PERM,0.1,0.01,0.04,,0.82,"4,115.11","5,169.44","5,963.81","4,595.05","5,232.50",49.55,4.28,18.06,-263.74,412.29,5.01
PF,0.05,0.01,0.07,0.06,0.05,"9,299.44","11,288.56","12,845.33","12,905.29","15,552.52",233.81,82.93,398.8,360.74,399.5,99.21
PG,1.2,0.88,0.62,0.14,,"1,248.77","1,106.95","1,242.08","1,016.06","1,115.87",115.36,84.03,59.16,13.54,-75.05,
PHOL,0.33,0.38,0.24,0.21,,794.13,776.67,807.49,917.94,"1,102.87",44.73,50.75,38.86,34.31,-15.25,
PICO,0.38,0.17,,0.31,0.16,"1,304.12","1,056.27",979.86,"1,263.27","1,409.84",64.92,37.45,-4.86,66.75,34.63,52.33
PIMO,,,40.26,0.05,0.08,,,500.46,503.8,573.65,,,40.26,24.13,40.36,33.97
PJW,0.38,0.26,0.06,0.17,0.25,"2,016.95","2,116.21","2,300.55","2,726.90","2,757.32",202.71,144.71,35.49,98.48,140.99,15.01
PK,0.85,,0.56,0.27,0.2,"3,639.27","4,292.13","4,139.71","3,583.80","3,738.33",351.05,-82.63,229.55,112.13,84.22,18.96
PL,0.54,0.46,0.31,0.32,0.37,"3,289.83","3,308.03","3,736.55","3,704.60","4,174.43",240.53,205.09,140.12,171,220.17,10.77
PLANB,,0.65,0.08,0.12,0.1,,"1,383.10","1,468.91","2,170.08","2,448.07",,166.61,206.58,400.21,351.6,53.35
PLAT,,,0.22,0.24,0.25,,,"1,444.63","1,768.47","1,863.73",,,438.46,629.53,704.15,26.97
PLE,,0.02,0.04,,0.17,"7,003.52","8,712.51","9,360.03","6,170.00","5,392.22",-43.11,17.52,43.33,"-1,868.49",191.12,4.99
PM,0.68,0.7,0.72,0.72,0.58,"3,940.41","4,036.35","4,095.81","4,273.93","4,082.10",408.73,419.99,428.37,433.23,345.11,18.39
PMTA,,,0.59,2.36,2.74,,,610.66,"3,310.95","3,238.38",,,55.34,232.99,277.03,7.64
POLAR,,,,,,129.78,206.68,355.14,281.14,290.44,-136.73,-125.66,40.02,-162.73,-754.5,
POST,0.25,0.26,,,,"2,413.16","2,474.94","2,281.25","2,211.59","1,865.15",126.37,128.89,-168.11,-251.76,-215.33,
PPM,0.37,0.25,0.09,,0.06,"1,486.88","1,581.07","1,337.64","1,314.01","1,319.63",58.62,39.98,15.22,-16.58,18.16,76.87
PPP,0.4,0.45,0.55,0.46,0.52,"1,340.52","1,520.33","1,733.61","1,514.22","1,563.15",77.37,130.85,164.22,136.96,154.89,11.78
PPS,0.07,0.05,0.04,0.01,0.07,268.34,293.79,267.41,239.34,319.41,15.28,19.33,17.72,3.39,32.18,22.18
PR,3.72,3.47,3.75,3.9,4.27,"1,825.83","1,857.51","1,868.48","1,824.92","1,935.71",446.69,477.01,561.19,583.44,638.93,13.91
PRAKIT,1.58,1.3,0.83,2.15,0.98,572.88,407.21,366.44,488.96,404.9,94.93,77.79,46.31,116.65,54.64,14.01
PRANDA,1.11,0.4,0.36,,,"4,230.54","3,776.61","3,529.04","2,933.27","2,916.77",449.45,164.61,145.53,-55.78,-283.25,
PREB,0.83,0.94,0.99,0.98,2.55,"4,109.43","6,035.32","6,238.94","4,211.26","5,374.07",188.71,261.5,305.9,303.07,788.13,4.62
PRECHA,0.03,0.02,,,,329.6,177.17,207.15,236.95,109.07,8.97,6.33,-13.03,-18.14,-25.59,
PRG,3.72,4.9,0.55,0.54,0.55,"2,253.26","2,518.95","2,297.88","2,899.10","2,190.57",223.12,294.04,328.24,325.31,332.58,21.44
PRIN,0.29,0.16,0.06,0.05,0.18,"2,820.04","2,475.24","2,499.01","2,658.75","3,037.34",354.24,191.8,74.5,66.4,215.9,7.85
PRINC,,,0.01,0.02,,195.99,296.46,373.77,433.02,363.26,-58.46,-1.19,12.96,17.53,-51.3,
PRO,,,,0.09,,93.83,120.24,136.63,402.17,380.28,-129.62,-30.95,6.93,125.36,0.54,
PSH,,,,,2.72,,,,,"47,173.24",,,,,"5,940.29",8.94
PSL,0.14,0.51,,,,"3,828.02","4,860.19","4,669.23","4,272.16","3,795.07",141.03,527.77,-80.22,"-2,425.78","-2,664.90",
PSTC,,0.01,0.02,0.01,,,444.48,448.21,484.08,622.11,,14.33,38.61,14.75,-38.55,
PT,0.52,0.81,1.06,0.85,1.16,"2,232.57","2,629.76","2,651.25","2,234.81","2,684.85",73.48,115.11,150.36,120.67,164.29,11.54
PTG,0.29,0.21,0.3,0.39,0.64,"41,819.32","47,856.91","55,273.87","53,839.71","64,926.54",359.95,312.29,494.04,650.72,"1,073.45",39.19
PTL,1.7,0.47,,0.49,,"10,263.81","9,495.19","10,792.54","12,483.60","12,314.18","1,361.68",373.97,-479.72,388.04,-123.23,9.23
PTT,36.64,33.07,19.33,6.73,32.68,"2,845,717.79","2,883,905.98","2,866,883.40","2,063,727.44","1,737,144.57","104,665.81","94,652.27","55,794.93","19,936.42","94,609.08",9.39
PTTEP,17.08,14.07,5.19,,2.76,"218,281.58","228,931.21","260,388.92","193,578.62","153,046.65","57,315.96","56,154.77","21,490.45","-31,590.49","12,859.72",17.79
PTTGC,7.54,7.38,3.33,4.55,5.74,"572,017.56","558,518.15","580,030.54","410,353.67","353,036.20","34,001.27","33,277.41","15,036.03","20,502.50","25,601.63",9.36
PYLON,0.32,0.63,0.7,0.54,0.46,"1,095.53","1,303.27","1,379.72","1,236.54","1,077.46",64.23,159.07,195.55,201.91,172.22,27.53
Q-CON,1,0.58,0.32,0.02,,"2,176.28","2,282.43","2,121.01","1,748.42","1,487.49",398.05,233.97,128.27,7.22,-107.74,
QH,0.26,0.36,0.36,0.29,0.29,"15,213.48","20,941.77","22,437.03","21,788.20","20,908.05","2,385.67","3,307.33","3,329.20","3,106.46","3,084.97",9.09
QLT,0.99,0.87,1.08,1.05,0.45,405.97,401.13,505.42,517.43,449.07,93.75,83.51,104.9,103.75,44.57,20.54
QTC,0.59,0.37,0.28,0.59,,969.7,811.69,772.88,"1,235.44",539.55,118.88,74.51,55.3,118.8,-80.53,
RAM,94.9,73.68,84.18,84.86,94.83,"3,719.35","3,576.29","3,866.44","3,969.24","4,411.44","1,138.79",884.1,"1,010.20","1,018.26","1,137.92",33.18
RATCH,5.33,4.27,4.33,2.2,4.25,"60,011.40","54,197.91","59,048.31","59,326.29","51,437.55","7,726.27","6,186.85","6,279.03","3,187.87","6,165.72",11.68
RCI,,0.18,0.01,,,"1,077.52","1,024.04",994.3,819.27,696.28,-21.15,63.65,4.17,-69.43,-31.2,
RCL,,,0.44,0.53,,"14,012.95","13,354.76","13,629.79","12,444.51","10,592.34","-1,929.16","-1,652.93",361.58,441.53,"-1,374.67",
RICH,,,0.28,,,"3,088.92","3,609.04","3,668.64","3,802.73","3,228.80",-375.45,-357.92,306.82,-165.15,"-1,144.83",
RICHY,,0.57,0.42,0.05,0.01,,"1,205.92","1,239.37",513.91,568.24,,211.33,245.05,39.6,9.26,
RJH,,,,0.35,0.62,,,,"1,034.91","1,224.00",,,,79.19,154.64,39.89
RML,0.14,0.21,0.34,0.25,0.24,"5,519.96","5,765.69","6,647.15","5,145.49","5,206.43",495.77,746.27,"1,224.52",900.9,850.65,6.26
ROBINS,1.86,1.79,1.74,1.94,2.53,"23,906.55","26,754.32","27,018.14","29,213.88","30,767.32","2,063.22","1,985.71","1,927.49","2,153.04","2,815.08",22.79
ROCK,8.9,,,1.95,0.91,893.12,793.43,619.08,805.28,720.61,89,-8.39,-10.87,39.06,18.18,38.42
ROH,,,,0.89,1.13,847.27,892.5,666.55,851.86,867.3,-54.61,-14.4,-144.26,83.17,106.3,28.5
ROJNA,0.98,0.41,0.51,0.38,0.06,"7,740.23","10,971.15","11,843.49","16,884.52","9,848.12","1,193.85",580.69,739.31,697.54,116.25,14.69
RP,,,,0.57,0.4,,,,638.27,692.52,,,,78.3,67.47,25.92
RPC,,,,0.08,,"6,935.90","3,484.73","3,355.47","2,805.23","2,394.91",-133.59,-139.54,-251.5,100.22,-69.24,
RPH,,,,,0.18,,,,,416.42,,,,,67.9,45.92
RS,0.32,0.44,0.38,0.12,,"2,872.59","3,483.82","4,333.07","3,779.51","3,248.51",281.18,394.49,370.96,121.63,-102.15,
RWI,,0.27,0.16,,0.02,,975.88,854.09,639.24,608.8,,123.49,81.47,-18.73,14.61,26.61
S,0.09,0.04,,,0.03,630.58,483.85,402.43,"2,316.18","3,657.62",45.87,23.13,-250.78,-260.84,170.23,291.48
S&J,1.63,1.5,1.45,1.69,2.04,"5,195.34","5,318.05","5,604.59","5,292.86","5,425.75",245.12,225.01,217.21,253.08,305.22,
S11,,1.22,0.4,0.59,0.69,,689.5,934.03,"1,134.63","1,310.08",,116.31,213.02,352.99,421.44,12.49
SABINA,0.27,0.34,0.42,0.48,0.51,"2,032.48","2,189.43","2,164.60","2,307.92","2,397.04",92.4,117.15,146.92,165.54,175.67,42.63
SALEE,0.64,0.57,0.31,0.02,0.04,"1,080.06","1,131.37","1,104.15","1,007.88","1,164.85",166.45,179.76,116.05,32.73,54.91,46.99
SAM,0.2,0.13,0.09,,0.04,"3,994.33","2,986.79","3,027.73","3,224.83","2,871.59",173.47,130.14,95.12,-59.12,42.06,
SAMART,1.09,1.47,1.48,0.8,0.07,"17,099.57","22,433.56","24,195.81","18,586.43","13,883.73","1,071.29","1,468.15","1,484.14",807.69,71.18,
SAMCO,0.1,0.18,0.17,0.21,0.17,942.23,"1,181.36","1,150.05","1,508.98","1,246.86",44.53,103.62,99.9,121.66,102.83,
SAMTEL,1.33,1.4,1.14,0.65,0.3,"7,744.10","9,367.12","6,712.79","5,792.68","5,748.64",811.37,856.51,704.83,402.34,183.93,41.36
SANKO,0.11,,,,,487.07,417.47,364.49,426.96,414.58,19.28,-14.58,-16.41,-3.13,-23.61,
SAPPE,,0.64,1.36,1,1.36,,"2,410.47","2,857.58","2,556.12","2,792.01",,143,360.79,300.55,410.25,19.71
SAT,2.4,2.27,1.53,1.51,1.43,"9,600.94","9,346.87","8,237.92","8,873.61","8,470.37",815.76,966.1,649.83,641.54,607.56,11.73
SAUCE,1.59,1.39,1.02,1.09,1.15,"2,681.29","2,710.53","2,680.11","2,770.48","2,745.99",571.1,500.31,368,391.84,415,19.41
SAWAD,,0.79,0.93,1.31,1.92,,"1,936.97","2,689.38","3,776.75","5,335.35",,575.43,854.69,"1,336.11","2,004.62",24.86
SAWANG,0.45,,,,,226.17,188.47,210.04,224.29,167.06,10.87,-0.36,-16.4,-3.11,-19.46,
SC,1.68,0.29,0.42,0.45,0.47,"8,426.93","10,087.27","12,692.06","14,183.78","14,504.18","1,108.02","1,081.62","1,558.13","1,895.28","1,968.21",9.19
SCB,11.83,14.78,15.69,13.88,14.01,"139,844.24","164,963.62","165,838.99","165,051.01","164,054.80","40,219.90","50,232.79","53,334.62","47,182.41","47,612.23",10.72
SCC,19.65,30.44,28.01,37.83,46.74,"419,897.84","453,938.48","503,577.25","460,041.16","450,573.26","23,579.99","36,522.25","33,615.33","45,399.71","56,084.19",10.32
SCCC,15.81,20.85,22.1,19.91,17.02,"26,960.42","30,328.87","32,238.08","31,481.93","34,979.09","3,635.69","4,795.92","5,082.44","4,579.21","3,914.12",29.39
SCG,0.28,0.33,0.23,0.06,0.17,"4,094.52","4,560.31","4,714.51","4,081.97","3,972.89",270.78,315,220.32,62.04,164.61,19.97
SCI,,,,0.37,0.22,,,,"2,116.84","1,969.91",,,,187.05,162.52,38.87
SCN,,23.3,0.44,0.19,0.26,,"2,119.73","2,147.31","2,123.49","2,523.74",,104.86,400.94,225.39,307.95,25.67
SCP,7.33,1.37,1.11,0.98,0.89,"1,630.57","2,127.20","1,821.95","1,749.79","1,618.63",219.76,411.81,332.11,292.97,266.75,10.36
SE,,,,,0.15,,,,,434.31,,,,,26.81,28.09
SEAFCO,0.64,0.51,0.72,0.5,0.51,"1,541.83","1,338.30","1,903.28","1,881.65","1,878.10",138.23,138.22,210.47,153.24,156.07,25.12
SEAOIL,0.58,0.6,0.43,0.02,,"2,700.85","2,721.73","3,083.00","2,806.33","3,792.12",63.39,80.54,85.44,6.5,-23.98,
SE-ED,0.57,0.18,0.21,0.18,0.03,"5,727.96","5,359.09","4,967.19","4,544.28","4,289.35",203.45,72.29,81.27,70.88,12.37,69.04
SELIC,,,,,0.18,,,,,560.79,,,,,39.04,24.73
SENA,0.41,0.38,0.6,0.29,0.67,"1,738.77","2,074.95","2,774.52","2,219.40","4,113.68",294.05,269.74,434.58,253.88,762.55,6.62
SF,1.2,0.39,0.47,0.79,0.54,"2,441.70","1,657.91","1,868.59","2,956.31","2,006.26","1,400.91",511.86,700.23,"1,407.83",963.98,11.73
SFP,2.46,24.32,1.62,,9.1,"2,549.34","3,231.17","3,843.85","3,750.09","3,273.00",51.84,510.78,33.93,-88.46,191.03,11.04
SGF,0.02,,0.02,,0.01,50,28.19,50.34,60.16,115.08,27.54,4.65,46.79,17.42,105.62,42.3
SGP,0.89,1.74,,1.21,1.22,"47,751.88","66,277.62","62,157.04","58,339.07","48,385.81",817.05,"1,602.26",-514.3,"1,115.92","1,118.72",6.17
SHANG,0.77,15.78,6.78,5.12,4.44,"2,121.76","4,131.33","2,654.77","2,562.05","2,377.87",99.86,"2,050.82",881.39,665.45,576.98,15.15
SIAM,0.58,,,0.1,,"4,726.21","3,729.69","2,331.65","1,063.30","2,047.36",346.31,-17.83,-227.64,57.42,-31.32,
SIM,0.04,0.18,0.16,0.01,,"7,041.68","10,300.30","12,493.69","7,798.74","3,461.30",165.82,806.52,710.29,37.16,-719.64,
SIMAT,0.43,0.12,,,,"2,236.17","1,312.80","1,317.47","1,401.89","1,281.08",75.29,33.19,-54.53,-80.33,-10.98,51.44
SINGER,0.84,1.19,0.89,0.53,0.44,"2,964.05","3,639.46","3,440.11","3,394.56","2,545.63",226.22,320.57,241.43,143.15,119.81,69.76
SIRI,0.41,0.21,0.33,0.25,0.24,"30,086.78","29,004.34","29,528.72","38,455.25","34,395.08","3,018.53","1,929.67","3,393.14","3,505.92","3,380.43",9.08
SIS,,0.64,0.53,0.48,0.65,"22,091.28","18,345.08","18,592.64","18,120.89","18,497.61",-738.66,190.17,184.09,168.85,227.45,11.01
SITHAI,2,1.8,0.17,0.16,0.09,"8,909.95","9,554.43","9,924.83","9,950.75","9,448.51",541.88,486.97,470.06,445.01,256.2,20.33
SKR,1.28,1.5,1.55,0.96,1.53,"1,572.00","1,705.80","1,879.40","2,026.62","2,529.15",120.51,148.68,158.07,115.52,189.71,41.07
SLP,,,0.14,0.03,0.06,,,644.91,532.65,533.67,,,92.82,29.24,72.22,30.56
SMART,,0.05,0.1,,,,417.43,432.7,354.18,313.85,,20.81,41.72,-13.76,-36.83,
SMIT,0.58,0.5,0.37,0.3,0.37,"2,824.15","2,397.55","2,099.53","1,944.97","2,058.72",303.21,264.16,194.44,159.22,196.85,16.02
SMK,31.35,43.5,48.67,44.32,4.19,"7,727.99","9,562.40","10,286.37","10,631.06","9,775.41",627.07,869.97,973.38,886.38,838.16,10.48
SMM,0.14,0.06,,,,742.83,695.6,697.4,514.03,389.71,34.62,17.46,-8.23,-36.8,-158.55,
SMPC,4.46,2.9,5.89,0.85,1.02,"2,397.29","2,201.61","3,007.76","2,933.71","3,609.98",175.99,135.95,275.93,447.14,541.14,14.53
SMT,1.77,0.34,,,0.01,"4,867.61","8,129.84","9,158.27","7,669.89","3,598.37",734.27,144.23,-110.96,-55.3,12.95,368.62
SNC,1.72,1.47,1.31,1.42,1.4,"7,694.76","7,200.76","7,443.22","8,186.81","7,527.19",493.81,423.21,377.36,409.86,401.65,12.56
SNP,7.22,6.38,1.01,1.23,0.89,"6,653.17","7,103.22","7,352.44","7,639.23","7,932.03",707.81,626.02,497.74,606.13,437.51,26.73
SOLAR,0.38,0.25,0.07,,,"1,183.81","1,386.25",947.42,696.79,"1,377.95",171.32,121.27,33.94,-60.08,-50.47,
SORKON,4.83,3.78,4.58,5.09,3.8,"1,846.16","2,019.23","2,232.95","2,394.31","2,700.16",93.09,91.6,111.14,123.49,109.17,19
SPA,,66.89,0.08,0.19,0.25,,325.93,343.36,543.5,739.12,,57.33,33.25,106.49,140.96,48.74
SPACK,0.1,,,,,"1,233.99",946.44,959.3,943.89,897.27,31.3,-48.42,-91.03,-36.08,-35.12,
SPALI,1.6,1.68,2.61,2.53,2.85,"11,649.39","12,742.01","18,671.39","21,523.16","23,571.28","2,743.52","2,882.21","4,478.11","4,348.72","4,886.53",10.59
SPC,3.07,3.25,3.79,4.25,4.16,"25,797.16","26,950.47","27,092.75","29,682.35","33,363.48",971.48,"1,035.85","1,231.76","1,399.95","1,374.11",10.83
SPCG,0.07,0.76,1.89,2.37,2.5,"1,277.19","2,523.30","4,410.72","5,057.64","5,544.30",39.36,499.32,"1,655.61","2,190.17","2,314.21",8.16
SPG,17.43,1.89,1.28,1.41,1.64,"4,079.18","3,820.44","3,569.26","3,456.88","3,329.82",601.5,651.08,443.25,487.85,564.14,11.31
SPI,2.64,2.63,2.33,2.67,3.41,"4,037.55","4,176.69","4,209.14","4,210.73","4,557.37","1,305.96","1,299.97","1,150.14","1,317.09","1,682.27",13.14
SPORT,0.1,0.04,,,,"2,472.98","2,716.01","2,647.17","2,076.31","1,104.06",29.07,12.22,-133.86,-33.89,-358.04,
SPPT,1.37,0.07,,,,"1,044.10",618.35,519.25,501.51,422.6,343.78,16.46,-23.56,-25.22,-17.21,
SPRC,,,,1.99,2,,,,"179,605.26","155,693.64",,,,"8,227.47","8,688.09",6.22
SPVI,3.74,0.06,0.04,0.02,0.01,"2,520.08","2,304.85","1,958.38","1,871.67","1,797.46",44.85,16.26,15.72,8.69,5.14,28.17
SQ,,,,,0.39,,,,,"2,911.50",,,,,322.71,13.83
SR,,,,0.14,0.17,,,,"1,697.99","1,387.83",,,,67.44,101.81,20.66
SRICHA,3.86,3.01,2.78,1.1,0.31,"2,146.87","2,694.85","2,658.07","1,688.55","1,216.83","1,023.43",918.08,853.13,339.36,97.29,41.47
SSC,2.26,,1.08,,,"23,383.18","11,619.77","11,959.98","11,322.47","8,413.95",600.62,-328.53,288.08,-304.87,-88.74,
SSF,1.1,,0.64,0.64,0.57,"6,648.15","5,843.89","5,183.28","5,121.95","5,828.16",295.78,-7.62,172.3,171.98,154.48,21.88
SSI,,,,,,"61,911.27","66,143.02","66,082.47","20,495.46","20,472.78","-15,902.84","-7,052.53","-4,903.03","-40,840.17","-2,869.11",
SSSC,7.26,7.71,5.08,3.09,4.34,"6,665.77","6,369.09","5,551.50","4,808.19","4,584.16",464.7,493.59,325.31,197.49,277.81,9.68
SST,,,1.28,,,"2,222.95","2,201.12","3,021.75","3,203.29","3,342.84",-181.71,-107.7,361.02,-63.99,-139.59,
STA,1.08,1.42,0.81,0.87,,"101,360.11","93,637.93","77,741.72","63,436.41","77,907.50","1,378.89","1,811.60","1,037.76","1,118.03",-757.99,
STANLY,9.48,21.18,19.41,15.11,17.01,"8,245.39","11,715.66","10,766.04","9,981.61","11,326.88",726.59,"1,622.91","1,487.51","1,157.65","1,303.44",12.6
STAR,,,,,,147.7,174.49,177.82,128.77,133.15,-32.98,-9.04,-24.1,-43.1,-133.64,
STEC,0.98,1.14,1,1,0.91,"20,195.67","22,947.92","21,955.49","18,927.11","18,649.81","1,165.32","1,733.20","1,520.51","1,526.52","1,380.75",29.68
STHAI,,,,0.01,,832.97,810.43,859.92,775.64,733.94,-228.78,-72.2,-77.83,46.05,4.78,
STPI,2.97,1.29,1.78,1.6,0.84,"3,352.90","5,950.00","12,054.09","13,562.80","10,020.06","1,089.76","1,908.52","2,627.45","2,594.78","1,365.88",24.88
SUC,4.24,3.24,3.46,3.16,4.56,"11,008.33","10,835.47","10,825.94","11,276.25","12,241.99","1,229.22",938.53,"1,003.25",917.26,"1,323.02",8.22
SUPER,0.07,0.09,,,0.01,450.53,108.98,223.37,409.11,"3,802.04",39.57,62.16,-89.55,-712.52,361.62,48.65
SUSCO,0.96,0.16,0.31,0.14,0.26,"17,000.01","23,604.62","25,232.58","19,612.01","19,394.08","1,021.02",177.88,342.2,155.08,284.78,15.04
SUTHA,,0.45,0.45,0.32,0.23,,857.14,"1,082.14",941.91,804.35,,100.88,127.8,96.73,68,26.75
SVH,9.99,10.04,12.81,13.57,13.67,"8,114.15","8,875.38","9,855.07","10,104.64","10,210.68",998.83,"1,004.34","1,281.15","1,357.42","1,366.60",24.75
SVI,0.65,0.72,,0.9,0.71,"8,619.40","9,305.00","9,767.18","9,864.27","12,445.31","1,246.47","1,623.09",-304.46,"2,029.15","1,602.67",7.38
SVOA,0.08,0.06,0.07,0.13,0.08,"9,813.47","7,100.62","6,432.92","6,849.99","6,743.51",79.09,60.48,62.33,124.52,72.71,17.03
SWC,0.65,0.78,0.59,0.81,1.03,"1,066.44","1,070.51","1,152.53","1,177.44","1,238.39",97.28,117.67,87.84,122.07,154.92,11.85
SYMC,0.78,0.82,0.61,0.38,0.31,819.57,"1,021.75","1,275.39","1,319.45","1,388.72",234.25,245.58,181.71,113.9,99.36,32.55
SYNEX,0.53,0.29,0.24,0.46,0.53,"20,669.37","18,816.05","19,167.79","21,670.56","23,949.58",364.87,221.84,181.9,358.68,406.93,21.42
SYNTEC,,0.05,0.25,0.4,0.54,"4,880.00","6,239.14","7,083.69","7,374.36","8,028.12",-132.05,80.6,396.63,640.22,870.4,8.69
T,0.11,,,0.01,,"1,957.53","1,542.64","1,099.16",602.28,378.45,27.97,-45.8,-689.47,27.21,-298.99,
TACC,,,,0.21,0.17,,,,"1,006.36","1,183.94",,,,67.95,101.83,40.15
TAE,,0.15,0.24,0.24,0.18,,"1,659.75","2,500.43","2,602.57","2,418.35",,117.68,219.31,244.27,178.1,17.87
TAKUNI,,2.2,0.08,0.16,0.02,,"1,220.59","1,213.33","1,365.91","1,652.74",,28.78,27.18,65.38,16.5,56.33
TAPAC,0.5,0.14,0.22,0.18,0.65,574.18,535.85,653.93,696.28,"1,636.68",46.67,18.45,32.75,26.71,112.99,51.97
TASCO,4.21,5.45,7.85,3.3,2.01,"38,414.29","34,140.37","46,249.06","37,580.11","24,392.47",642.27,831.45,"1,200.43","5,078.76","3,110.13",11.65
TBSP,7.99,6.96,8.5,5.36,7.75,"1,006.96","1,037.90","1,057.74","1,112.22","1,248.14",87.88,76.57,93.54,58.95,85.29,19.54
TC,0.29,,0.5,0.55,,"5,311.72","4,401.59","5,542.16","4,867.52","4,099.37",96.96,-24.9,165.22,180.03,-66.31,
TCAP,4.29,7.49,4.24,4.61,5.16,"63,147.63","68,449.86","65,747.34","60,854.01","58,487.46","5,481.54","9,231.09","5,120.20","5,436.58","6,012.73",8.6
TCB,2.76,0.78,3.76,3.31,3.09,"10,263.92","2,410.41","8,465.54","7,156.18","5,408.78",826.57,233.7,"1,127.80",993.5,927.25,4.98
TCC,0.01,,0.02,0.02,0.01,"1,029.62",941.63,"1,604.48","1,172.36","1,090.89",8.89,-52.85,27.77,20.58,8.42,
TCCC,2.51,3.86,3.35,2.33,3.94,"22,451.81","22,525.34","21,684.00","12,875.26","12,680.32","1,467.39","2,251.63","1,956.96","1,364.79","2,305.51",13.89
TCJ,1.29,1.06,0.8,0.57,,"1,636.83","1,442.27","1,594.06","1,519.37","1,245.38",81.88,80.49,68.59,49.93,-2.2,35.47
TCMC,4.58,0.06,0.25,0.33,0.41,"1,134.90",731.49,"1,704.55","2,396.74","3,911.65",313.36,21.19,87.06,117.36,175.41,11.82
TCOAT,1.8,1.81,,2.56,4.26,799.67,835.62,845.36,747.23,727.67,18.85,18.98,-4.03,26.87,44.68,6.99
TEAM,0.05,0.01,0.09,,,"1,837.86","1,468.97","1,758.25","1,295.52","1,208.63",29.94,4.78,59.95,-109.74,-8.72,73.32
TF,8.19,8.97,9.31,10.62,12.04,"11,222.58","11,806.56","12,145.60","12,155.38","13,153.50","1,473.76","1,615.16","1,675.55","1,911.34","2,167.58",17.23
TFD,0.68,0.13,,,,"1,350.30",945.42,"1,465.14",874.44,986.25,522.3,149.54,-169.15,-278.13,-322.89,
TFG,,,,,0.28,,,,"17,508.07","20,779.59",,,,"-1,574.31","1,446.80",22.37
TFI,,,,0.01,,"3,809.14","4,321.38","3,711.76","2,884.55","1,940.30",-33.79,-187.84,-209.78,20.13,-132.04,
TGCI,0.3,0.14,0.16,0.17,0.12,"3,067.28","2,698.06","3,165.39","2,683.11","2,352.12",294.69,197.37,276.76,284.66,198.77,22.44
TGPRO,0.03,0.01,,,,"1,455.20","1,304.00","1,453.48","1,421.27","1,396.39",124.52,56.54,23.08,-133.4,4.29,36.02
TH,0.09,,0.03,,,51.93,133.41,170.98,91.44,133.9,11.18,-20.86,21.1,-45.98,-75.05,
THAI,2.85,,,,0.01,"213,893.19","212,441.68","203,966.62","192,723.20","181,446.21","6,228.97","-12,047.37","-15,611.62","-13,067.67",15.14,
THANA,,0.15,0.03,0.07,0.07,731.1,729.41,661.28,847.39,790.09,-17.38,36.62,7.28,17.31,17.54,30.12
THANI,0.36,0.47,0.35,0.31,0.36,"1,583.48","2,396.98","2,753.93","2,781.88","2,985.19",489.35,754.24,704.09,748.66,881.16,15.93
THCOM,0.16,1.03,1.46,1.94,1.47,"7,555.70","8,286.13","10,375.96","13,136.40","12,069.34",173.9,"1,127.62","1,600.88","2,122.15","1,611.77",16.57
THE,0.01,,0.24,,0.99,"14,901.65","11,604.43","16,944.75","14,008.65","15,839.73",3.33,-204.24,94.86,-740.34,545.29,14.15
THIP,11.38,13.86,15,30.18,40.5,"1,556.46","1,667.43","2,095.59","2,376.09","2,703.90",91.04,110.87,120.04,241.44,324.03,9.69
THL,,,,,,"1,047.94",367.08,96.28,323.64,267.18,-228.47,-372.57,-425.23,-120.47,-213.25,
THRE,,,,0.63,0.07,"7,575.85","6,636.35","6,950.04","6,083.96","6,586.71","-4,349.17","-2,799.11","-1,953.36","2,655.12",277.66,20.94
THREL,4.44,0.71,0.62,0.65,0.54,"1,099.96","1,407.72","1,702.03","1,891.27","2,058.01",221.89,383,371.72,388.67,321.75,15.28
TIC,,2.51,1.99,0.72,1.72,"1,157.34","1,516.80","1,564.99","1,477.06","2,464.88",-40.58,58.97,46.7,17.01,40.38,8.59
TICON,1.62,1.56,0.76,0.7,0.25,"6,063.91","6,681.04","6,164.95","5,349.09","2,479.17","1,296.57","1,414.23",761.74,769.74,275.03,233.12
TIP,0.88,3.85,4.49,4.95,5.23,"9,312.31","11,209.78","9,233.64","9,659.56","24,308.49",264.63,"1,154.63","1,348.43","1,486.28","1,567.62",8.44
TIPCO,0.45,0.24,0.16,2.46,1.69,"5,855.35","6,096.31","6,131.24","6,806.58","6,107.72",219.23,114.41,77.69,"1,188.47",813.64,9.29
TISCO,5.09,5.55,5.31,5.31,6.25,"21,340.16","25,885.74","24,843.05","23,122.80","22,247.17","3,705.18","4,249.05","4,249.52","4,250.12","5,005.89",11.8
TIW,9.25,18.47,,,,828.32,888.88,583.68,558.43,355.3,55.5,110.81,-14.62,-8,-64.38,
TK,1.42,0.86,0.39,0.82,0.86,"3,662.43","3,883.48","3,679.13","3,394.13","3,371.27",712.11,428.68,195.62,408.25,429.69,12.87
TKN,,,,0.38,0.57,,,,"3,515.27","4,729.39",,,,396.95,781.85,39.03
TKS,0.85,0.79,0.86,0.79,0.93,"1,369.65","1,582.59","1,681.74","1,539.95","1,693.65",211.64,233.98,280.55,285.39,336.6,12.98
TKT,0.41,0.18,0.09,0.06,,"1,973.91","1,936.32","1,629.47","1,364.70","1,110.77",88.81,38.97,19.45,12.4,-67.54,
TLUXE,0.4,0.1,,,0.42,"3,219.12","2,550.94","2,155.63","1,982.56","2,240.18",165.68,43.61,-10.66,-38.79,236.98,25.38
TM,,,,125.36,0.13,,,,511.61,558.02,,,,28.83,26.91,38.02
TMB,0.04,0.13,0.22,0.21,0.19,"38,405.32","42,852.11","44,212.94","46,684.88","46,384.33","1,605.18","5,737.35","9,538.88","9,333.07","8,226.26",11.51
TMC,0.62,0.02,,,,"1,005.96",791.04,660.51,570.68,396.34,135.53,7.16,-49.81,-65.59,-236.69,
TMD,20.77,1.86,1.79,1.96,2.09,"2,076.35","1,895.97","1,953.22","1,933.68","1,973.90",311.62,278.38,268.59,293.85,312.88,10.84
TMI,0.09,0.03,,,0.01,463.57,442.7,487.83,545.66,475.9,32.74,12.09,-1.31,0.62,4.68,237.54
TMILL,0.43,0.22,0.18,0.19,0.2,"1,067.25","1,110.01","1,097.26","1,286.78","1,349.52",90.01,62.18,50.95,56.86,69.5,19.37
TMT,1.05,1.02,0.77,0.74,2.09,"10,406.11","13,099.67","12,296.55","11,635.81","12,522.17",446.97,440.31,334.38,320.63,911.54,6.97
TMW,0.42,13.13,3.73,3.17,3.46,"1,653.77","2,695.34","2,223.08","1,974.71","2,193.32",16.84,523.84,148.91,126.62,137.9,9.47
TNDT,0.76,0.86,0.88,0.61,0.24,336.64,374.59,484.57,431.5,345.31,76.35,86.16,88.06,61.24,24.4,36.27
TNH,0.82,0.96,1,1.15,1.57,"1,352.30","1,467.30","1,598.83","1,716.57","1,915.87",147.51,172.34,179.11,206.94,282.04,22.05
TNITY,0.67,0.79,1.09,0.74,0.81,680.92,851.5,850.11,740.1,791.63,117.11,137.91,191.72,146.1,159.56,8.74
TNL,2.41,1.73,1.73,1.44,1.71,"2,807.13","2,462.83","2,333.58","2,227.74","2,133.49",289.48,207.26,208.11,173.2,205.31,13.94
TNP,,,,0.06,0.07,,,,"1,322.34","1,456.19",,,,39.14,55.66,38.08
TNPC,2.3,2.81,,0.11,0.08,"1,576.28","1,437.67","1,143.84","1,028.39","1,046.51",113.98,152.8,-9.34,34.06,24.3,142.22
TNR,,,,,0.84,,,,,"1,227.02",,,,,194.15,43.01
TOG,0.35,0.33,0.43,0.48,0.53,"1,579.11","1,690.85","1,869.70","1,893.04","2,006.05",166.39,154.21,203.28,229.64,250.37,18.16
TOP,6.04,5.09,,5.97,10.4,"451,731.66","419,047.37","396,132.65","297,317.03","277,480.88","12,319.79","10,393.53","-4,025.89","12,181.37","21,221.91",6.73
TOPP,14.69,16.28,16.37,16.05,18.23,"1,126.73","1,289.21","1,368.44","1,462.48","1,512.92",88.13,97.66,98.2,96.32,109.37,10.18
TPA,8.67,0.28,0.26,0.51,0.57,"1,581.68","1,420.11","1,245.35","1,150.37","1,047.04",105.37,33.42,31.42,62.14,69.36,18.57
TPAC,1,0.62,0.46,0.51,0.44,"1,387.31","1,591.15","1,686.20","1,595.83","1,534.16",99.9,123.07,93.39,104.24,104.93,17.66
TPBI,,,,1.28,1.04,,,,"4,805.65","5,024.97",,,,364.98,393.11,16.14
TPC,3.81,2.98,0.97,2.58,,"30,343.94","33,007.31","32,252.39","30,506.97",,"3,333.38","2,605.30",849.38,"2,261.46",,11.7
TPCH,,0.53,0.09,0.12,0.5,,194.21,261.77,322.51,716.76,,12.37,28.5,46.61,201.17,31.58
TPCORP,0.67,0.44,0.88,0.83,2.84,"2,166.72","1,960.15","1,889.45",983.94,"1,375.68",72.59,48,94.72,90.05,307.2,10.52
TPIPL,0.12,0.3,0.07,0.02,,"28,427.04","28,863.17","31,624.55","29,289.94","31,540.56",248.24,606.01,"1,332.11",363.67,-521.31,
TPIPP,,,,,,,,,,,,,,,,29.83
TPOLY,,,,,0.21,"2,570.77","2,596.68","2,373.64","2,327.54","2,801.19",-188.37,-447.12,-308.28,-278.06,121.12,16.87
TPP,1.2,0.57,0.73,0.38,0.32,414.6,358.56,324.02,296.28,287.07,45.02,21.53,27.38,14.36,11.85,97.85
TR,1.28,,,,6.87,"5,553.86","12,083.12","12,076.07","14,595.07","10,320.11",257.7,-20.63,-967.01,"-1,356.80","1,385.53",3.81
TRC,0.72,0.15,0.26,0.07,0.06,"4,344.15","2,558.02","3,127.73","3,955.03","3,736.90",240.56,126.36,214.92,305.96,290.76,42.05
TRITN,,0.02,,,,297.91,318.47,291.4,912.07,323.1,4.88,63.68,-77.43,18.45,-334.7,
TRT,0.11,0.58,0.16,,0.2,"1,956.15","2,534.96","2,163.26","2,265.90","2,577.33",29.56,177.52,48.08,-45.97,61.22,81.4
TRU,1.13,0.72,0.26,0.25,0.13,"3,780.84","3,374.81","2,449.94","2,208.57","1,868.29",555.79,353.69,152.41,145.14,78.48,28.5
TRUBB,,,,,,"16,591.53","13,624.89","11,546.73","8,990.27","7,853.06",-274.72,-155,-123.37,-76.2,-168.08,
TSC,0.59,1.23,0.49,0.56,0.53,"2,380.71","3,733.45","2,760.03","2,865.52","2,756.74",154.17,326.96,126.75,144.44,137.2,20.1
TSE,,,0.41,0.3,0.34,,607.35,"1,348.69",765.62,"1,013.13",,-15.62,581.26,526.59,617.63,14.96
TSF,,,,,,264.28,462.81,368.78,450.26,443.16,-65.42,-320.24,-483.21,-729.73,-281.44,
TSI,,,,0.02,,"1,237.50",916.72,658.45,552.4,"1,016.01",-152,-18.51,-109.85,10.23,-183.43,
TSR,,0.27,0.31,0.36,0.18,,"1,029.78","1,160.56","1,645.75","1,864.57",,67.05,93.72,145.95,80.59,33.26
TSTE,0.89,0.26,1.47,0.5,0.28,"3,119.57","2,527.91","1,597.88","1,701.78","1,755.45",117.16,37.65,213.49,144.76,99.41,28.84
TSTH,,,0.02,,0.02,"26,343.09","25,252.19","25,440.10","21,410.46","16,872.26","-1,580.59","-4,545.47",30.79,-609.76,154.22,36.12
TTA,,,0.12,,,"16,840.66","19,030.38","6,623.06","21,698.63","14,647.65","-4,618.83","-5,080.22",154.73,"-11,335.10",-418.29,
TTCL,1.14,1.23,0.82,0.75,0.71,"11,521.49","15,471.08","19,820.26","22,019.77","20,358.10",545.66,655.01,460.45,422.55,400.1,31.59
TTI,,0.52,,0.13,,"3,959.09","4,124.78","4,089.90","3,992.00","3,824.79",-93.96,25.76,-59.64,6.65,-24.06,2452.34
TTL,31.23,5.65,,6.42,33.1,837.03,576.79,32.12,21.96,647.36,468.51,84.82,-373.13,96.24,496.49,2.69
TTTM,27.65,21.96,3.84,0.87,4.72,"1,548.26","1,413.89","1,207.24",262.2,"1,187.26",165.92,131.77,23.05,5.22,28.32,133.92
TTW,0.61,0.65,0.75,0.67,0.62,"5,289.23","5,852.37","5,732.71","5,677.99","5,513.02","2,421.32","2,573.76","2,973.91","2,680.52","2,475.56",16.94
TU,4.39,2.49,1.1,1.11,1.1,"107,748.96","114,453.09","122,893.20","127,239.87","135,779.49","4,693.74","2,852.83","5,091.58","5,302.47","5,254.43",18.25
TUCC,,,,,,,,,,,,,,,,
TVD,0.15,0.1,,,0.02,"2,249.32","2,231.25","2,563.39","3,061.15","3,435.28",49.82,41.21,-10.67,-40.61,14.36,
TVI,1.07,0.65,1.18,0.07,0.08,"3,100.97","2,510.43","2,595.75","3,524.08","3,604.25",162.18,98.86,178.97,22.32,25.1,28.67
TVO,2.22,1.19,2.08,2.35,3.41,"27,471.54","26,042.26","25,731.05","26,657.67","28,346.91","1,775.31",959.12,"1,679.46","1,902.59","2,754.62",10.07
TVT,,,0.09,0.07,0.06,,,434.43,529.09,516.2,,,20.81,50.26,48.37,61.94
TWP,3.09,7.96,11.87,2.23,0.12,"1,753.01","1,880.62","2,052.68","1,725.09","1,523.37",83.3,214.87,320.43,60.28,32.92,22.02
TWPC,,,,0.09,0.76,,,,"1,420.81","6,321.14",,,,80.7,669.04,13.46
TWZ,,0.03,0.03,,0.02,"3,724.79","4,029.32","4,237.62","3,965.64","4,248.35",5.42,79.69,118.57,25.99,99.98,53.38
TYCN,,,0.05,,0.12,"9,461.95","9,306.02","8,478.15","7,170.39","6,395.76",-401.44,-579.35,31.92,-444.97,70.16,27.38
U,0.01,,,,,816.53,764.06,446.97,"1,258.17","1,174.15",376.51,295.82,-629.82,-276.87,-314.76,
UAC,0.29,0.24,0.1,0.15,0.05,851.03,"1,067.90","1,073.71","1,544.36","1,381.11",117.23,131.19,53.65,96.35,29.64,113.59
UBIS,0.39,0.38,0.36,0.64,0.5,761.82,726.4,856.11,875.06,853.97,74.79,87.08,82.44,145.15,113.41,16.75
UEC,0.44,0.36,0.37,0.15,0.07,"1,641.08","1,638.60","1,507.76","1,091.69",951.02,249.7,203.11,211.01,83.13,40.47,53.08
UKEM,0.17,0.1,0.09,0.09,0.17,"3,638.33","3,632.31","3,764.02","3,064.47","2,872.92",110.58,66.62,64.49,75.35,143.21,10.29
UMI,1.37,0.04,0.04,,0.13,"3,824.11","3,861.26","3,474.54","3,822.11","2,905.23",656.92,28.27,29.97,-190.34,108.46,27.07
UMS,,,,,,"3,464.06","1,936.04",113.05,585.21,486.04,-288.26,-375.74,-22.11,-371.23,-57.63,
UNIQ,0.49,0.75,0.59,0.66,0.82,"4,644.65","6,814.45","8,200.15","10,182.84","12,665.14",380.3,586.66,502.27,712.75,883.37,20.6
UOBKH,0.33,0.69,0.52,0.47,0.48,869.47,"1,204.59","1,053.47",944,"1,062.09",166.02,348.16,261.43,235.01,240.3,7.41
UP,3.7,2.94,1.9,1.13,1.34,"1,082.40",968.39,800.01,796.94,728.16,92.51,73.4,47.41,28.33,33.54,17.68
UPA,,,,,,3.83,3.55,13.82,114.6,210.78,-57.16,-65.17,-64.63,-402.41,-47.8,
UPF,5.25,2.97,3.35,4.91,7.11,740.74,694.32,625.71,599.4,611.14,39.4,22.25,25.14,36.86,53.31,11.99
UPOIC,1.01,0.68,0.58,,0.22,"1,606.08","1,397.63","1,221.47","1,289.10",972.32,326.53,220.59,188.24,-11.96,72.2,258.83
UREKA,0.15,0.29,,,,310.14,403.68,311.58,378.36,235.6,16.74,48.03,-17.97,-54.53,-78.37,
UT,,,,0.18,0.34,811.44,903.86,989.23,780.32,795.63,-92.34,16.41,-21.98,29.02,36.22,24.32
UTP,0.68,0.33,0.31,0.25,0.29,"1,971.67","2,051.63","2,044.55","1,865.80","1,876.57",88.21,215.53,199.41,163.99,191.47,27.29
UV,0.26,0.09,0.21,0.33,0.56,"5,485.27","6,294.36","9,656.32","13,453.42","17,366.86",211.95,175.36,395.03,630.94,"1,075.69",11.98
UVAN,10.41,0.78,0.68,0.4,0.37,"6,518.69","5,763.05","5,848.28","4,038.34","4,483.86",978.88,732.61,636.39,374.32,344.59,18.03
UWC,0.08,,0.01,,,574.07,716.83,702.33,644.73,"1,143.89",21.99,-60.18,44.15,12.8,-35.41,
VARO,,,0.03,,0.18,"1,795.37","1,457.74","1,577.12","1,509.00","1,467.01",-69.54,-96.59,2.94,-27.49,18.46,26.59
VGI,27.8,3.4,0.33,0.12,0.14,"2,004.82","2,871.84","3,195.64","3,077.93","2,423.42",278.45,907.99,"1,145.73",837.58,940.52,44.44
VIBHA,0.37,0.48,0.47,0.06,0.05,"4,052.56","4,661.56","5,073.87","5,585.15","5,917.24",391.9,546.18,596.11,735.65,678.64,52.47
VIH,0.02,0.11,0.17,0.18,0.27,"1,026.21","1,129.63","1,276.41","1,368.71","1,742.55",9.04,61.09,94.4,101.49,153.07,33.65
VNG,0.22,,0.48,0.91,1.02,"9,899.93","8,528.83","10,817.05","10,866.22","11,249.01",290.01,-190.82,752.17,"1,426.41","1,591.42",13.35
VNT,1.42,0.17,,0.48,0.95,"17,093.01","17,512.78","17,847.84","16,654.81","15,887.01","1,682.89",198.17,-963.72,566.02,"1,123.70",13.14
VPO,,605.06,0.11,,,,"3,246.46","2,304.89","1,481.80","1,183.38",,121.01,93.83,-124.99,-212.37,
VTE,0.07,,,,0.06,318.74,599.17,495.74,479.11,"1,670.53",12.48,-518.9,-358.93,-106.14,49.78,
WACOAL,3.48,2.12,2.31,2.79,2.59,"4,277.20","3,826.27","3,782.32","4,141.40","4,313.43",417.08,254.34,276.7,334.37,310.95,17.9
WAVE,,0.24,2.35,0.11,0.14,180.75,289.24,820.57,"2,288.15","3,132.28",-4.36,7.75,76.06,36.34,56.98,
WG,10.46,11.05,10.2,9.8,10.13,"1,043.63","1,083.39","1,093.80","1,096.14","1,123.93",186.78,197.25,182.07,175.01,180.86,14.53
WHA,0.53,1.59,1.02,0.16,0.2,"2,213.43","7,168.97","5,057.69","13,102.15","19,324.97",213.29,"1,463.46",978.62,"1,953.73","2,898.16",15.93
WHAUP,,,,,,,,,,,,,,,,36.27
WICE,,,3.21,0.12,0.12,,,676.77,689.48,"1,035.64",,,62.44,60.59,77.18,30.63
WIIK,,,,0.28,0.37,788.68,754.25,"1,014.23","1,163.59","1,234.62",-9.7,0.12,-6.27,83.32,133.76,14.52
WIN,0.07,,,,0.02,83.59,47.9,53.94,99.94,86.27,33.8,-6.83,-3.84,-4.23,8.08,23.51
WINNER,219.51,0.25,0.19,0.22,0.26,"1,411.11","1,392.51","1,444.28","1,449.53","1,734.29",92.37,83.59,76.51,88.98,105.33,15.12
WORK,1.58,1,0.08,0.39,0.48,"2,161.79","2,185.93","2,269.85","2,468.51","2,686.30",404.3,256.78,20.82,163.66,198.63,78.94
XO,,0.04,0.28,0.25,0.22,,616.03,738.81,747.53,890.32,,8.87,86.2,85.84,77.47,34.7
YCI,,,,,,144.87,119.8,98.47,86.32,33.88,-26.49,-41.45,-31.69,-11.03,-30.71,
YNP,,0.18,0.06,,,"13,544.01","12,518.31","9,381.13","7,715.41",,-923.58,284.52,97.7,-181.58,,
YUASA,0.5,0.14,,0.41,1.06,"1,982.10","1,762.05","1,679.80","1,762.59","2,089.62",53.4,15.43,-7.47,43.94,113.73,19.55
ZMICO,0.1,0.12,0.12,0.05,0.17,164.78,205.86,257.39,248.84,405.32,98.72,134.44,158.14,59.62,227.02,5.23
TRUE,,,0.07,0.18,,"90,271.17","104,398.41","117,659.99","122,949.39","131,157.90","-7,427.77","-9,062.75","1,425.28","4,411.52","-2,814.35",
