Name ,No.,Links,Sign,Last,Chg%,Volume,Value (k),MCap (M),P/E,P/BV,D/E,DPS,EPS,ROA%,ROE%,NPM%,Yield%,FFloat%,MG%,Magic1,Magic2,PEG,CG
Average,,,,30.17,-0.15,"8,178,418.42","67,256.37","23,191.58",38.96,2.7,1.77,0.88,2.36,5.72,4.73,2.95,3.19,43.3,14.47,505.34,506.4,-0.68,1.78
2S,1, i | 1 | 2 | 3 ,,5.5,-0.9,"630,200","3,506","2,200",6.44,2.23,0.54,0.1,0.85,29.45,33.85,9.02,2.43,60.53,,43,28,0.04,2
A,2, i | 1 | 2 | 3 ,,6.55,0,"45,000",295,"6,419",27.94,1.92,3.08,0.05,0.23,4.17,7.07,2.51,0.76,26.9,,700,735,0.24,
AAV,3, i | 1 | 2 | 3 ,,6.15,-1.6,"8,313,300","51,363","29,828",20.85,1.37,1.26,,0.29,5.14,6.66,5.97,2.4,63.94,,647,641,0.06,2
ABC,4, i | 1 | 2 | 3 ,,0.21,0,"4,117,000",864,"1,659",,3,0.73,,0,-12.94,-20.73,-79.08,,37.54,,,,,
ABICO,5, i | 1 | 3 ,,10.7,0,"158,500","1,706","2,515",16.86,3.15,0.61,0.08,0.63,13.84,20.35,23.19,0.7,34.02,,300,316,0.51,
ACAP,6, i | 1 | 2 | 3 ,,20.3,-0.98,"1,377,300","27,919","6,185",26.76,5.97,3.54,,0.76,5.81,26.72,37.93,,62.04,,367,665,-0.14,2
ACC,7, i | 1 | 2 | 3 ,,0.54,0,"519,900",279,648,,0.84,1.23,,0,3.41,-3.26,-1.62,,77.35,,,,,
ADAM,8, i | 1 | 2 | 3 ,SPNC,14,0,0,0,"3,922",,24.14,2.17,,0,19.25,,-177.72,,53.09,,,,,
ADVANC,9, i | 1 | 2 | 3 ,,172.5,0,"3,896,100","673,766","512,859",16.93,13.67,6.44,4.29,10.19,17.42,81.11,19.69,5.84,36.22,,219,269,1.79,2
AEC,10, i | 1 | 2 | 3 ,,0.6,0,"311,500",187,735,,0.64,1.38,,0,,,2.17,,71.19,,,,,1
AEONTS,11, i | 1 | 2 | 3 ,,111.5,-0.45,"11,900","1,332","27,875",11.6,2.04,4.3,1.85,9.61,4.2,18.69,13.9,3.08,29.98,,212,502,0.07,1
AF,12, i | 1 | 2 | 3 ,,0.8,-1.23,"36,530,400","30,115","1,280",28.24,2.35,3.11,0.01,0.03,2.75,8.01,14.91,6.54,18.67,,680,788,,1
AFC,13, i | 1 | 2 | 3 ,,8.8,0,"2,700",24,401,39.74,0.38,0.16,,0.22,0.67,0.97,2.45,,38.36,,894,924,-0.26,
AGE,14, i | 1 | 2 | 3 ,,1.4,0,"591,800",830,"2,307",15.33,1.61,1.75,0.07,0.09,6.87,10.79,0.86,5,45.22,,458,485,-0.07,2
AH,15, i | 1 | 2 | 3 ,,23.5,1.29,"1,115,400","26,447","7,581",11.98,1.18,0.77,0.33,1.96,6.86,10.15,5.52,2.85,41.06,,404,413,-0.17,2
AHC,16, i | 1 | 2 | 3 ,,32.75,-0.76,"2,800",92,"4,910",31.82,3.38,0.18,0.63,1.03,11.4,10.83,8.02,1.91,55.69,,635,518,2.06,2
AI,17, i | 1 | 2 | 3 ,SPNPNC,1.52,0,0,0,"4,256",14.58,2.08,0.21,0.01,0.1,5.92,9.75,2.42,1.7,49.08,,477,514,0.18,
AIE,18, i | 1 | 2 | 3 ,SPNPNC,0.67,0,0,0,"3,028",31.26,1.63,0.22,,0.02,-3.15,-4.55,-19.67,,28.81,,,,-0.14,
AIRA,19, i | 1 | 2 | 3 ,,2.46,0,"104,100",257,"14,805",,4.47,1.18,0.01,0,-1.18,-3.86,-15.09,0.38,30.94,,,,,1
AIT,20, i | 1 | 2 | 3 ,,28.25,-0.88,"371,800","10,510","5,829",12.82,1.93,0.6,1.5,2.2,11.96,15.19,11.7,7.02,70.51,,293,269,4.09,1
AJ,21, i | 1 | 2 | 3 ,,13.8,0,"177,600","2,467","5,512",22.82,1.63,1.58,0.1,0.6,3.97,7.4,4.83,1.45,44.88,,641,692,0.04,1
AJD,22, i | 1 | 2 | 3 ,SP,1.18,0,0,0,"5,004",14.08,3.11,0.71,,0.08,24.99,25.3,13.9,,64.4,,215,184,0.01,
AKP,23, i | 1 | 2 | 3 ,,2.36,0,"510,400","1,206",953,18.34,2,0.2,0.07,0.13,11.89,11.17,7.79,2.97,48.51,,484,370,8.53,2
AKR,24, i | 1 | 2 | 3 ,,1,-0.99,"448,900",453,"1,343",,1.15,0.8,0.03,0,-3.24,-7.03,-7.15,2.48,65.55,,,,,1
ALLA,25, i | 1 | 2 | 3 ,,2.46,2.5,"1,793,200","4,389","1,476",30.89,2.02,0.27,0.02,0.08,3.33,3.02,5.27,0.83,24.98,,809,788,,
ALT,26, i | 1 | 3 ,,7.1,-1.39,"2,158,400","15,346","7,100",28.94,3.78,0.74,0.1,0.25,10.11,20.69,10.46,1.39,25.57,,428,531,0.83,
ALUCON,27, i | 1 | 2 | 3 ,,301,-0.33,600,181,"13,003",12.36,2.42,0.24,15,24.35,19.86,20.74,15.41,4.97,21.95,,210,162,0.64,2
AMA,28, i | 1 | 2 | 3 ,,22.5,0,"813,000","18,312","9,711",52.45,4.68,0.49,0.25,0.43,9.68,12.44,16.87,1.11,29.73,,673,657,,
AMANAH,29, i | 1 | 2 | 3 ,,1.96,-0.51,"6,228,600","12,332","1,862",40.9,2,1.77,,0.05,2.44,5,13.51,,30.93,,826,873,-0.62,2
AMARIN,30, i | 1 | 2 | 3 ,,6.75,-0.74,"35,000",236,"2,835",,1.88,2.27,,0,-3.81,-40.66,-21.22,,20.72,,,,,1
AMATA,31, i | 1 | 2 | 3 ,,16.8,0,"1,758,700","29,750","17,926",13.1,1.49,0.97,0.3,1.28,7.99,11.74,25.38,2.68,76.94,10.21,382,396,1.09,3
AMATAV,32, i | 1 | 2 | 3 ,,7.3,1.39,"701,900","5,118","6,826","1,199.78",2.46,0.86,0.05,0.01,2.52,0.19,1.2,2.78,25.19,,"1,008",960,-20.35,1
AMC,33, i | 1 | 2 | 3 ,,4.2,-1.87,"13,531,800","57,773","2,016",5.22,1,0.77,0.2,0.8,15.02,21.15,10.2,4.67,33.17,11.17,84,89,0.03,1
ANAN,34, i | 1 | 2 | 3 ,,5.1,2,"8,905,200","45,109","16,998",11.38,1.43,1.3,0.09,0.45,8.65,14.42,6.06,2.5,44.57,,271,328,-0.18,2
AOT,35, i | 1 | 2 | 3 ,,44,-2.22,"44,914,300","1,987,605","628,571",30.12,5.16,0.38,6.83,1.46,16.6,17.87,40.74,1.52,29.99,,470,416,0.44,3
AP,36, i | 1 | 2 | 3 ,,7.95,2.58,"11,792,300","92,496","25,010",8.95,1.25,1.01,0.3,0.89,9.19,14.69,12.4,3.87,68.46,,212,266,0.64,2
APCO,37, i | 1 | 2 | 3 ,,1.37,-1.44,"993,000","1,366","4,110",31.45,6.23,0.09,0.04,0.04,23.51,20.64,25.19,3.09,30,,450,388,1.33,2
APCS,38, i | 1 | 2 | 3 ,NP,7.85,-1.26,"1,019,300","8,133","5,181",53.99,4.27,0.33,,0.15,5.91,8.13,13.93,,53.14,,797,795,-0.39,2
APURE,39, i | 1 | 2 | 3 ,,2.72,-2.86,"20,057,100","54,858","2,606",12.82,1.78,0.17,0.05,0.21,16.23,14.35,11.89,2.86,40.57,,312,204,0.08,1
APX,40, i | 1 | 2 | 3 ,,0.49,-2,"6,089,200","3,039","1,470",42.02,1.81,0.94,,0.01,4.81,4.78,1.79,,55.16,,836,798,-3.19,
AQ,41, i | 1 | 2 | 3 ,SPNP,0.22,0,0,0,"2,788",,0.44,0.59,,0,-13.53,-20.23,-16.71,,100,,,,,
AQUA,42, i | 1 | 2 | 3 ,,0.74,0,"2,658,800","1,969","3,399",13.24,1,0.83,0.01,0.06,6.76,7.67,39.96,1.35,83.51,22.94,497,450,0.05,1
ARIP,43, i | 1 | 2 | 3 ,,0.71,-1.39,"534,700",382,331,144.54,1.65,0.13,,0,3.43,1.15,0.34,,34.38,,979,913,-3.06,2
ARROW,44, i | 1 | 2 | 3 ,,15.7,-0.63,"92,100","1,453","3,960",16.5,3.71,0.21,0.4,0.95,23.99,23.48,12.86,3.8,28.32,,271,228,0.41,1
AS,45, i | 1 | 2 | 3 ,,2.38,4.39,"16,736,400","39,945",976,,7.93,3.75,,0,-15.89,-109.3,3.92,,20.58,,,,,1
ASAP,46, i | 1 | 2 | 3 ,,5.55,1.83,"17,657,800","99,133","3,663",43.08,2.79,4.55,0.04,0.13,1.5,10.19,6.89,,28.64,,708,921,,
ASEFA,47, i | 1 | 2 | 3 ,,7.4,3.5,"6,368,000","46,746","4,070",14.52,2.74,0.43,0.32,0.51,15.79,20,8.83,4.48,27.44,,268,245,0.24,
ASIA,48, i | 1 | 2 | 3 ,,73,0,"5,000",365,"2,336",456.06,0.43,0.68,0.85,0.16,1.46,0.09,8.44,1.16,34.2,,"1,008",999,7.32,2
ASIAN,49, i | 1 | 2 | 3 ,,11,-4.35,"9,510,900","106,788","3,980",15.95,1.71,1.76,0.21,0.69,6.06,11.47,4.2,1.83,33.04,,443,528,-0.07,
ASIMAR,50, i | 1 | 2 | 3 ,,2.56,0,"18,700",48,661,14.14,1.51,0.69,0.12,0.18,9.46,10.56,2.87,4.69,60.3,,442,378,1.27,2
ASK,51, i | 1 | 2 | 3 ,,22,0,"643,300","14,020","7,742",10.91,1.63,5.77,1.4,2.02,2.77,15.31,24.88,6.36,43.57,,245,539,0.62,2
ASN,52, i | 1 | 2 | 3 ,,5.85,-1.68,"136,200",796,761,29.69,3,0.14,0.18,0.2,16.62,16.44,10.68,2.39,24.13,,485,411,2.27,
ASP,53, i | 1 | 2 | 3 ,,3.6,0,"1,580,800","5,697","7,580",9.31,1.53,0.91,0.21,0.39,11.27,17.11,30.29,8.31,68.07,,185,209,0.61,2
ATP30,54, i | 1 | 2 | 3 ,,1.82,-2.15,"12,491,600","23,174",901,43.88,3.64,1.04,0.01,0.04,7.37,8.52,2.41,0.64,42.35,,756,704,0.66,
AU,55, i | 1 | 2 | 3 ,,8.75,-0.57,"772,500","6,774","7,137",75.58,8.58,0.1,0.01,0.12,11.66,10.47,13.78,0.08,30.27,,749,614,,
AUCT,56, i | 1 | 2 | 3 ,,7.9,-1.86,"8,807,500","70,798","4,345",34.21,9.4,0.46,0.12,0.23,22.16,29.94,21.59,2.73,35.8,,418,407,0.54,2
AYUD,57, i | 1 | 2 | 3 ,,31.75,0,"49,700","1,567","7,938",15.38,1.11,0.51,1,2.06,4.72,6.62,19.81,6.3,35.43,,574,579,0.14,2
BA,58, i | 1 | 2 | 3 ,,18.6,1.09,"8,756,900","162,811","39,060",51.13,1.27,0.89,0.5,0.36,5.81,2.38,7.15,4.08,38.71,,909,788,0.44,1
BAFS,59, i | 1 | 2 | 3 ,,39,-1.27,"51,800","2,031","24,862",23.55,3.91,0.75,1,1.66,13.99,17.07,32.18,3.8,55.35,,424,396,1.22,3
BANPU,60, i | 1 | 2 | 3 ,,17.5,0,"57,858,000","1,012,259","88,561",26.87,1.1,1.88,0.25,0.65,5.5,4.56,5.94,2.49,92.14,,748,678,-0.27,2
BAT-3K,61, i | 1 | 2 | 3 ,,173,0,"1,500",261,"3,460",27.3,1.78,0.95,3,6.34,5.33,6.63,-1.07,1.73,45.23,,709,692,-0.44,
BAY,62, i | 1 | 2 | 3 ,,36.75,-0.68,"241,700","8,904","270,324",12.35,1.27,7.69,0.45,2.98,1.53,10.69,19.11,2.3,23.11,,399,620,0.59,3
BBL,63, i | 1 | 2 | 3 ,,181,0.56,"2,130,700","383,994","345,501",10.86,0.9,6.76,4.5,16.67,1.34,8.41,23.16,3.61,97.8,,420,587,3.04,2
BCH,64, i | 1 | 2 | 3 ,,13.9,2.96,"33,322,600","459,544","34,663",45.48,7.02,1.08,0.1,0.31,11.85,16.14,10,1.26,50.01,,574,569,6.97,
BCP,65, i | 1 | 2 | 3 ,,34,0,"2,053,000","69,618","46,815",6.87,1.12,1.36,1,4.95,10.56,17.65,4.68,5.29,59.89,,143,197,0.09,3
BCPG,66, i | 1 | 2 | 3 ,,14.7,1.38,"5,801,700","84,707","29,273",21.17,2.09,0.83,0.15,0.69,8.45,13,51.49,4.76,29.58,,475,509,-0.75,
BDMS,67, i | 1 | 2 | 3 ,,19.4,1.57,"43,057,700","829,820","300,525",37.78,5.22,1.04,0.19,0.51,9.99,13.96,11.13,1.52,52.14,,574,588,2.08,2
BEAUTY,68, i | 1 | 2 | 3 ,,11.2,0,"11,202,200","125,791","33,611",46.27,21.96,0.31,0.14,0.24,50.6,51.81,29.04,1.95,64.46,,444,440,1.22,1
BEC,69, i | 1 | 2 | 3 ,,21.5,0.47,"14,826,700","326,936","43,000",48.12,6.04,1.14,0.15,0.45,8.24,12.55,8.29,2.8,55.73,,655,679,-3.99,1
BEM,70, i | 2 ,,7.25,0.69,"25,077,000","180,726","110,816",42.52,3.64,1.74,0.06,0.17,5.88,8.67,18.28,1.53,53.99,,744,760,-25.61,2
BFIT,71, i | 1 | 2 | 3 ,,19.5,3.17,"3,796,600","73,394","4,095",30.7,1.95,1.59,0.03,0.64,2.73,6.38,38.75,0.15,52.77,,749,813,-4.09,2
BGT,72, i | 1 | 2 | 3 ,,1.97,4.79,"11,124,300","21,808",712,18.03,1.47,0.53,0.01,0.11,8,8.53,6.11,0.64,37.66,,555,479,-0.96,
BH,73, i | 1 | 2 | 3 ,,176,0.86,"420,100","73,658","128,249",35.17,8.31,0.43,1.55,5,20.44,25.08,22.36,1.43,45.67,,438,416,1.72,1
BIG,74, i | 1 | 2 | 3 ,,4.98,-2.35,"11,752,600","58,817","17,574",20.65,11.58,0.73,0.07,0.24,46.96,64.44,15.03,2.75,30.63,,273,272,0.01,1
BIGC,75, i | 1 | 2 | 3 ,,223,0.45,"23,000","5,107","183,975",28.42,3.53,0.8,1.9,7.85,8.57,12.95,5.62,0.86,2.06,,546,573,6.26,3
BIZ,76, i | 1 | 2 | 3 ,,4.6,0,"980,900","4,519","1,840",24.88,3.57,0.2,0.1,0.18,17.71,21.6,8.38,2.17,29.86,,379,358,0.1,
BJC,77, i | 1 | 2 | 3 ,,46.5,-1.06,"2,364,700","110,352","185,621",41.8,1.79,1.9,0.38,1.11,4.76,7.37,2.46,1.06,25.1,,771,799,2.32,1
BJCHI,78, i | 1 | 2 | 3 ,,4.12,0,"263,300","1,089","6,592",,1.44,0.09,0.13,0,-6.38,-7.24,-31.05,6.07,25.22,,,,,1
BKD,79, i | 1 | 2 | 3 ,,3.44,0.58,"2,725,900","9,381","3,393",24.54,2.77,0.55,0.07,0.14,10.09,11.32,19.57,2.05,38.07,,547,488,0.21,1
BKI,80, i | 1 | 2 | 3 ,,354,0,"2,300",814,"37,690",15.36,1.09,0.72,3,23.05,4.79,7.07,17.57,3.95,66.79,,558,576,0.06,
BLA,81, i | 1 | 2 | 3 ,,45.25,-1.09,"1,148,500","51,905","77,267",5.98,2.22,7.36,0.43,7.56,5.68,43.77,5.9,1.64,52.43,,23,357,0.43,2
BLAND,82, i | 1 | 2 | 3 ,,1.9,-0.52,"11,126,000","21,195","39,259",19.11,0.73,0.19,0.08,0.1,4.91,3.86,19.6,4.19,69.46,,682,621,0.25,
BLISS,83, i | 1 | 2 | 3 ,SPNPNC,0.04,0,0,0,"1,060",,1,0.31,,0,-8.46,-10.89,-86.82,,86.71,,,,,
BM,84, i | 1 | 2 | 3 ,,3.74,0,"431,300","1,622","1,496",27.73,2.65,0.49,0.08,0.13,8.71,12.96,3.96,4.81,44.54,,540,562,-2.27,
BOL,85, i | 1 | 2 | 3 ,,1.87,0,"183,000",341,"1,487",20.04,4.07,0.7,0.07,0.09,13.99,20.9,17.05,3.74,21.3,,339,361,-8.56,2
BPP,86, i | 1 | 3 ,,25.75,0.98,"8,119,400","206,579","78,427",19.78,2.08,0.14,0.25,1.3,11.35,11.09,36.22,0.98,21.2,,507,402,,
BR,87, i | 1 | 2 | 3 ,,7,0.72,"9,609,000","67,804","6,394",30.19,1.41,0.85,0.2,0.23,5.51,4.52,4.38,2.88,54.31,,782,709,-0.77,1
BROCK,88, i | 1 | 2 | 3 ,,2.5,-0.79,"70,000",175,"2,562",431.6,2.1,0.02,,0.01,0.61,0.48,3.01,,38.97,,"1,002","1,028",-8.43,1
BROOK,89, i | 1 | 2 | 3 ,,0.8,1.27,"7,005,700","5,551","4,510",5.1,1.74,0.08,0.05,0.16,40.21,37.8,64.29,8.86,34.3,,23,12,-0.03,2
BRR,90, i | 1 | 2 | 3 ,,12.8,1.59,"796,000","10,153","10,395",26.89,4.17,2.47,0.02,0.48,7.89,16.32,18.05,0.15,25.58,,464,583,-2.86,1
BSBM,91, i | 1 | 2 | 3 ,,1.4,-1.41,"2,145,900","3,040","1,586",6.65,0.8,0.11,0.06,0.21,14.18,12.49,6.05,9.86,31.79,,238,115,-0.01,
BSM,92, i | 1 | 2 | 3 ,,0.41,5.13,"3,060,600","1,243",695,,2.05,0.67,,0,0.82,-2.11,5.5,,60.64,,,,,
BTC,93, i | 1 | 2 | 3 ,,0.06,0,"14,182,400",849,421,,1,0.34,,0,-9.7,-12.67,-51.06,,59.17,,,,,
BTNC,94, i | 1 | 2 | 3 ,,23.4,0,0,0,281,6.76,0.61,0.74,0.75,3.46,7.64,9.43,3.57,3.32,30.59,,330,286,,1
BTS,95, i | 1 | 2 | 3 ,,8.55,0.59,"10,411,100","88,845","102,044",50.53,2.4,1.15,0.18,0.17,4.46,4.57,19.25,4,62.43,,869,836,0.25,3
BTW,96, i | 1 | 2 | 3 ,,3.74,-1.58,"3,357,900","12,715","2,827",20.15,1.91,0.23,0.07,0.19,10.87,11.41,13.58,7.11,24.5,,507,427,-0.24,
BUI,97, i | 1 | 2 | 3 ,SPNC,20.2,0,0,0,404,6.68,0.67,1.29,0.4,3.02,0.66,1.18,1.02,1.98,32.71,,506,541,-0.02,
BWG,98, i | 1 | 2 | 3 ,,1.86,0,"12,710,200","23,680","7,128",23.05,2.3,0.63,0.04,0.08,9.68,11.15,9.51,2.31,91.7,16.81,542,494,0.63,3
CBG,99, i | 1 | 2 | 3 ,,74.75,1.36,"4,596,400","344,713","74,750",55.99,10.57,0.44,0.6,1.34,15.55,19.38,8.13,1.36,25.69,,558,535,1.25,1
CCET,100, i | 1 | 2 | 3 ,,3.36,4.35,"14,791,700","48,726","15,295",11.57,0.83,1.9,0.04,0.29,3.76,7.21,1.63,3.11,46.14,,460,513,0.26,
CCN,101, i | 1 | 2 | 3 ,,10.1,-0.98,"1,690,000","17,071","2,323",305.2,11.74,0.76,,0.03,3.28,3.87,0.87,,42.01,,938,928,-28.28,
CCP,102, i | 1 | 2 | 3 ,,0.57,-1.72,"843,400",481,"1,578",,1.14,1.06,0.02,0,0.8,-0.39,-0.61,3.79,51.81,,,,,
CEN,103, i | 1 | 2 | 3 ,,1.79,-1.1,"722,200","1,296","1,334",,0.55,0.81,,0,-1.31,-4.19,-0.48,,73.94,,,,,2
CENTEL,104, i | 1 | 2 | 3 ,,36,-0.69,"253,700","9,151","48,600",25.92,4.37,1.2,0.55,1.39,10.77,17.75,14.61,1.52,51.66,,431,481,0.61,2
CFRESH,105, i | 1 | 2 | 3 ,,7,-0.71,"190,400","1,346","3,245",15.25,1.68,1.46,0.28,0.46,10.89,10.79,-4.68,3.97,32.19,,454,353,-0.27,2
CGD,106, i | 1 | 2 | 3 ,,1.03,-1.9,"3,010,800","3,123","7,556",,1.37,1.43,,0,-1.47,-5.71,-40.83,,46.68,,,,,1
CGH,107, i | 1 | 2 | 3 ,,1.47,-0.68,"593,900",878,"6,375",16.14,1.06,0.25,0.03,0.09,5.49,6.61,28.39,1.87,48.48,,585,559,0.07,2
CHARAN,108, i | 1 | 2 | 3 ,,35,2.94,"19,500",674,420,22.44,0.7,0.36,1.5,1.56,2.65,3.12,-0.34,4.41,52.21,,729,738,0.13,1
CHEWA,109, i | 1 | 2 | 3 ,,1.33,-0.75,"2,552,000","3,419",998,,1.06,2.87,0.03,0,0.38,-2.73,-29.23,2.24,30.51,,,,,
CHG,110, i | 1 | 2 | 3 ,,2.46,0,"77,422,900","192,083","27,060",48.29,8.2,0.38,0.01,0.05,16.26,17.5,16.25,1.46,40.52,,562,505,3.42,2
CHO,111, i | 1 | 2 | 3 ,,1.84,-0.54,"1,954,500","3,592","2,177",,3.61,1.9,,0,-6.78,-23.94,-34.32,,46.46,,,,,2
CHOTI,112, i | 1 | 2 | 3 ,,193,0.26,"2,100",408,"1,448",11.9,1.1,0.33,16,16.22,8,9.53,0.2,8.31,23.29,,421,367,0.01,
CHOW,113, i | 1 | 2 | 3 ,,4.2,-0.47,"62,700",265,"3,360",,2.75,9.53,,0,1.04,-4.26,-5.62,,33.67,,,,,2
CHUO,114, i | 1 | 2 | 3 ,SPNC,4.42,0,0,0,211,,0.8,1.24,,0,-18.49,-49.3,-36.99,,61.96,,,,,
CI,115, i | 1 | 2 | 3 ,,1.6,-0.62,"2,603,200","4,168","1,424",20.02,0.98,3.29,0.06,0.08,5.38,5,-4.56,3.27,51.01,,674,619,-0.07,2
CIG,116, i | 1 | 2 | 3 ,,0.57,0,"145,500",82,493,,0.63,0.39,,0,0.62,-0.73,-2.82,,68.42,,,,,
CIMBT,117, i | 1 | 2 | 3 ,,1.12,0.9,"839,000",930,"27,748",,1.03,9.94,,0,-0.35,-3.07,2.9,,6.29,,,,,2
CITY,118, i | 1 | 2 | 3 ,,3.26,-2.4,"2,350,200","7,837",978,13.27,0.73,0.01,0.08,0.25,5.5,5.64,19.3,2.4,26.78,,556,504,2.82,1
CK,119, i | 1 | 2 | 3 ,,27.75,1.83,"8,563,200","235,848","47,006",23.5,2.17,3.19,0.25,1.18,3.61,9.51,3.53,1.83,63.69,,598,708,0.1,3
CKP,120, i | 1 | 2 | 3 ,,3.22,-1.23,"10,805,700","34,975","23,731",,1.33,1.64,0.06,0,2.17,-0.2,-3.19,1.84,26.45,,,,,2
CM,121, i | 1 | 2 | 3 ,,6.45,-4.44,"4,894,500","32,605","2,458",11.69,1.62,0.11,0.35,0.55,16.51,14.52,13.94,5.19,36.44,,277,173,0.2,2
CMO,122, i | 1 | 2 | 3 ,,1.8,0,"115,000",208,460,,1.03,1.63,0.06,0,3.2,-2.38,2.41,8.06,52.34,25.97,,,,
CMR,123, i | 1 | 2 | 3 ,,4.2,0.96,"834,900","3,510","16,897",46.22,5.83,1.01,0.05,0.09,10.05,12.92,8.52,1.11,15.43,,643,625,1.62,1
CNS,124, i | 1 | 2 | 3 ,,2.48,0,"20,500",51,"5,333",12.01,0.95,1.04,0.18,0.21,4.97,7.95,25.76,7.26,14.18,,466,496,0.12,2
CNT,125, i | 1 | 2 | 3 ,,3.98,0,"466,300","1,878","3,992",26.28,2.21,1.85,0.05,0.15,3.08,8.63,0.3,2.51,25.83,,639,753,0.33,2
COL,126, i | 1 | 2 | 3 ,,54,1.41,"146,100","7,862","17,280",43.83,3.19,0.48,0.55,1.23,6.39,7.42,4.96,1.03,52.75,,780,743,0.39,2
COLOR,127, i | 1 | 2 | 3 ,,1.44,-0.69,"15,900",23,846,51.43,1.13,0.61,0.04,0.03,2.61,2.25,1.3,2.4,49.22,,913,903,0.04,1
COM7,128, i | 1 | 2 | 3 ,,11.7,-0.85,"24,079,600","286,144","14,040",32.1,6.65,1.53,0.25,0.36,12.12,22.09,2.43,2.12,51.22,10.51,445,503,0.81,1
COMAN,129, i | 1 | 3 ,,8.1,-0.61,"414,800","3,367","1,085",42.15,2.64,0.1,0.05,0.19,8.22,9.48,16.86,0.63,30.56,,726,661,,
CPALL,130, i | 1 | 2 | 3 ,,61.75,-0.8,"11,653,100","722,548","554,707",31.92,9.29,4.71,1,1.93,8.65,34.4,4.05,1.61,62.61,,399,602,1.85,
CPF,131, i | 1 | 2 | 3 ,,25.25,0,"29,332,500","747,677","195,509",13.13,1.3,2.48,0.45,1.92,6.92,11.01,3.16,3.76,48.77,,404,436,1.51,3
CPH,132, i | 1 | 2 | 3 ,,7.45,0,"26,900",200,298,,0.4,0.91,,0,-7.5,-15.38,-23.2,,38.61,,,,,
CPI,133, i | 1 | 2 | 3 ,,2.24,0.9,"1,526,400","3,453","1,417",,0.83,1.68,0.03,0,-1.22,-4.92,-4.91,1.35,43.18,,,,,2
CPL,134, i | 1 | 2 | 3 ,,38,2.01,"31,500","1,195","1,592",53.19,0.82,0.75,,0.71,2.97,2.75,8.3,,30.29,,910,898,-0.95,1
CPN,135, i | 1 | 2 | 3 ,,71.25,4.01,"9,373,900","658,093","319,770",33.2,5.84,0.9,0.83,2.15,11.55,18.67,34.91,1.21,52.34,,487,522,0.68,3
CPR,136, i | 1 | 2 | 3 ,,6.95,-0.71,"4,779,700","33,883","1,383",16.68,2.14,0.16,0.14,0.42,14.42,13.44,17.08,2,18.67,,401,304,0.97,
CRANE,137, i | 1 | 2 | 3 ,,2.2,8.91,"17,847,500","38,205","1,532",,1.44,1.71,,0,-5.08,-21.4,-5.66,,45.38,,,,,
CSC,138, i | 1 | 2 | 3 ,,59.75,-0.83,"12,400",739,"3,107",8.81,1.03,0.21,2.5,6.78,12.47,12.21,11.91,4.15,38.15,,271,169,0.68,1
CSL,139, i | 1 | 2 | 3 ,,6,0,"770,300","4,622","3,567",11.64,5.36,1.83,0.22,0.52,21.43,47.53,11.74,7.33,43.66,,115,132,-0.14,3
CSP,140, i | 1 | 2 | 3 ,,3.26,0,"56,116,600","178,213","1,618",9.38,2.12,1.64,0.1,0.35,10.82,24.55,10.66,3.07,15.99,,117,227,-0.15,1
CSR,141, i | 1 | 2 | 3 ,,60,0,300,18,"1,230",19.6,0.97,0.15,1.8,3.06,5.28,4.99,44.04,3,19.51,,667,612,1.85,1
CSS,142, i | 1 | 2 | 3 ,,3.22,2.55,"30,692,100","99,280","3,786",18.86,2.21,0.84,0.1,0.17,7.66,11.74,5.39,5.1,67.12,,475,502,1.32,1
CTW,143, i | 1 | 2 | 3 ,,10.3,-0.96,"191,600","1,982","4,098",12.19,0.99,0.48,0.35,0.84,7.52,8.35,2.91,3.37,27.31,,458,394,-0.13,1
CWT,144, i | 1 | 2 | 3 ,,2.9,0,"1,110,000","3,235","1,795",75.32,1.41,1.16,0.03,0.04,2.43,2.13,1.54,1.13,63.44,,940,936,-3.14,
D,145, i | 2 ,,8.9,-2.2,"631,900","5,681","1,780",39.94,,0.22,,0.22,,,,,22.95,,,,,
DCC,146, i | 1 | 2 | 3 ,,3.98,-0.5,"6,077,300","24,479","25,981",19.55,7.11,0.6,0.04,0.2,30.27,36.97,17.65,4.08,48.9,,266,258,6.81,2
DCON,147, i | 1 | 2 | 3 ,,0.61,0,"2,917,700","1,783","2,896",12.71,1.33,0.13,0.01,0.05,12.52,11.07,35.49,1.31,45.26,,390,254,0.6,1
DCORP,148, i | 1 | 2 | 3 ,,6.15,-7.52,"3,009,900","19,525","3,613",,3.77,0.05,,0,-10.75,-11.36,-130.8,,87.98,25.02,,,,
DELTA,149, i | 1 | 2 | 3 ,,93,0.81,"1,421,900","132,163","116,006",20.66,3.97,0.59,3,4.5,13.03,18.46,10.98,3.25,36.88,,379,383,1.27,3
DEMCO,150, i | 1 | 2 | 3 ,,6.7,-0.74,"1,425,000","9,546","4,893",42.68,1.62,1.41,,0.16,2.91,3.88,4.11,,67.3,16.15,860,868,-2.53,3
DIMET,151, i | 1 | 2 | 3 ,,3.08,-1.28,"1,892,300","5,873",792,,6.29,0.68,,0,-4.8,-7.03,-4.27,,63.03,,,,,1
DNA,152, i | 1 | 2 | 3 ,,0.92,0,"12,423,600","11,447","4,868",,15.33,0.8,,0,-24.83,-43.42,-0.43,,36.52,,,,,1
DRACO,153, i | 1 | 2 | 3 ,,3.7,-3.65,"5,800",21,914,,0.99,1.61,,0,-5.54,-16.74,-7.25,,4.18,,,,,
DRT,154, i | 1 | 2 | 3 ,,6.1,0.83,"1,031,000","6,277","6,393",14.52,2.85,0.61,0.15,0.42,15.22,17.76,11.63,4.96,33.6,,292,250,-41.49,3
DSGT,155, i | 1 | 2 | 3 ,,4.96,-0.4,"491,800","2,439","6,250",218.3,2.58,1.87,,0.02,2.25,1.18,2.28,,4.62,,979,963,0.01,
DTAC,156, i | 1 | 2 | 3 ,,46.5,1.09,"10,370,700","480,596","110,103",103.96,4.02,3.14,,0.45,2.46,3.88,1.16,0.91,29.37,,920,944,-4.37,3
DTC,157, i | 1 | 2 | 3 ,,9.7,0,"46,800",463,"8,245",98.04,1.75,0.72,0.1,0.1,1.78,1.78,8.2,1.03,16.48,,953,967,-0.59,3
DTCI,158, i | 1 | 2 | 3 ,,29,0,0,0,290,10.16,0.86,0.17,0.7,2.85,9.19,8.73,9.86,2.48,27.33,,390,286,0.13,
EA,159, i | 1 | 2 | 3 ,,29.75,0.85,"1,877,200","55,956","110,968",31.52,8.96,2.47,0.15,0.94,11.92,32.61,35.93,0.51,39.86,,398,501,0.19,2
EARTH,160, i | 1 | 2 | 3 ,,2.06,-3.74,"235,165,800","494,655","7,285",10.54,0.68,2.34,0.1,0.2,5.89,6.5,-0.88,7.01,53.86,20.91,466,419,0.28,1
EASON,161, i | 1 | 2 | 3 ,,3.54,-0.56,"945,300","3,418","1,651",19.63,1.6,0.3,0.05,0.18,8.61,9.82,13.06,1.4,52.88,,547,482,0.93,1
EASTW,162, i | 1 | 2 | 3 ,,12.5,2.46,"304,500","3,760","20,797",16.21,2.04,0.91,0.27,0.77,8.86,12.91,30.55,3.85,41.03,,415,430,2.58,3
ECF,163, i | 1 | 2 | 3 ,,3.94,0,"8,458,500","33,695","2,241",39.96,3.31,2.32,0.05,0.1,6.79,9.69,4.55,1.36,37.48,,709,707,2.09,2
ECL,164, i | 1 | 2 | 3 ,,3.2,1.91,"7,174,300","22,695","2,555",64.61,2.25,1.65,0.05,0.05,2.45,4.2,29.82,1.59,42.71,,897,928,5.72,1
EE,165, i | 1 | 2 | 3 ,,1.21,0.83,"11,834,300","14,411","3,364",,2.57,0.01,,0,-10.34,-10.4,36.47,,39.33,,,,,2
EFORL,166, i | 1 | 2 | 3 ,,0.14,0,"6,366,300",875,"2,255",,2,4.37,,0,-17.42,-56.56,-4.45,,83.71,,,,,1
EGCO,167, i | 1 | 2 | 3 ,,208,-0.95,"801,400","168,106","109,505",12.6,1.31,1.38,3.25,16.51,6.55,10.68,36.99,3.1,42.92,,404,437,0.44,3
EIC,168, i | 1 | 2 | 3 ,NP,0.39,0,"2,783,500","1,086",273,,0.89,0.22,,0,-16.56,-21.4,-12.01,,100,,,,,
EKH,169, i | 1 | 2 | 3 ,,5.45,0,"1,035,300","5,687","3,270",45.87,4.1,0.08,0.1,0.12,14.97,13.76,11.23,1.83,56.35,,616,515,0.83,
EMC,170, i | 1 | 2 | 3 ,,0.11,10,"1,308,500",143,928,,0.41,0.42,,0,-9.46,-13.11,-43.97,,59.77,,,,,
EPCO,171, i | 1 | 2 | 3 ,,6.65,0.76,"335,500","2,215","5,295",49.8,3.11,2.74,0.04,0.13,5.17,6.03,25.09,1.75,44.41,11.8,840,815,2.27,1
EPG,172, i | 1 | 2 | 3 ,,13,0,"1,564,500","20,311","36,400",26.36,3.67,0.29,0.15,0.49,11.81,14.45,14.42,1.92,24.94,,486,455,0.42,1
ERW,173, i | 1 | 2 | 3 ,,4.78,0.42,"6,381,300","30,589","11,950",31.16,2.34,1.95,0.06,0.15,6.16,7.67,12.7,1.26,44.65,,710,689,0.39,2
ESSO,174, i | 1 | 2 | 3 ,,10.9,-0.91,"3,532,500","38,701","37,723",6.03,1.69,1.61,,1.81,14.43,32.79,3.33,,34.01,,41,104,0.01,1
ESTAR,175, i | 1 | 2 | 3 ,,0.69,-2.82,"1,898,600","1,330","3,465",18.99,0.74,0.18,0.04,0.04,4.27,3.94,9.44,5.63,40.16,,675,635,-0.78,
ETE,176, i | 1 | 3 ,,4.1,-1.91,"21,963,700","92,164","2,296",42.69,2.72,1.71,0.03,0.1,6.45,8.17,4.85,0.72,43.73,,761,737,,
EVER,177, i | 1 | 2 | 3 ,,0.59,0,"5,096,400","2,994","2,292",,0.84,1.02,,0,-1.82,-4.97,-46.88,,67.39,,,,,
F&D,178, i | 1 | 2 | 3 ,,19.6,-1.01,"4,700",92,294,,0.52,0.79,,0,,,,,,,,,,
FANCY,179, i | 1 | 2 | 3 ,,2.3,-1.71,"2,563,800","5,924","1,415",,1.1,0.34,,0,-9.5,-13.11,-43.49,,43.79,,,,,
FC,180, i | 1 | 2 | 3 ,,0.48,0,"246,800",118,"1,026",,0.8,0.83,,0,-21.01,-31.98,-62.07,,67.98,,,,,
FE,181, i | 1 | 2 | 3 ,,176,0,0,0,"1,320",11.54,1.23,0.38,7,15.26,10.61,11.12,9.28,4,21.54,,353,272,4.3,1
FER,182, i | 1 | 2 | 3 ,,0.5,2.04,"1,555,500",766,"1,156",,1.04,0.57,,0,-18.53,-29.25,-335.32,,84.69,,,,,1
FMT,183, i | 1 | 2 | 3 ,,41.75,-1.76,"5,600",235,"2,004",10.26,1.34,1.06,2,4.07,8.72,13.72,3.05,4.71,23.06,,257,299,-0.19,
FN,184, i | 1 | 3 ,,5.95,-0.83,"1,338,100","8,005","5,950",44.92,3.99,0.07,0.06,0.13,7.05,6.1,8.5,1,31.5,,825,718,,
FNS,185, i | 1 | 2 | 3 ,,4.88,-0.81,"182,700",898,"1,206",7.89,0.55,0.6,0.1,0.62,4.65,7.12,27.55,2.03,59.05,,396,420,0.1,
FOCUS,186, i | 1 | 2 | 3 ,,1.48,1.37,"357,000",524,188,,1.4,1.81,,0,-0.56,-7.69,-1.8,,65.76,,,,,1
FORTH,187, i | 1 | 2 | 3 ,,7.4,0,"132,700",987,"7,104",22.95,3.54,2.35,0.17,0.32,10.6,15.35,3.19,4.59,35.89,,441,462,0.78,2
FPI,188, i | 1 | 2 | 3 ,,4.84,0.41,"9,794,900","47,495","5,945",22.3,5.15,1.1,0.1,0.22,14.76,24.67,9.58,3.29,21.85,,338,367,0.5,2
FSMART,189, i | 1 | 2 | 3 ,,18.4,0,"1,025,200","18,939","14,720",31.72,13.24,2,0.25,0.58,19.28,41.81,16.95,2.28,44.54,12.17,385,412,0.46,1
FSS,190, i | 1 | 2 | 3 ,,2.8,0,"92,500",260,"1,628",6.61,0.64,1.07,0.13,0.42,6.24,10.03,9.41,4.64,36.01,,305,340,0.14,1
FVC,191, i | 1 | 2 | 3 ,,3.04,3.4,"6,573,100","19,908","1,406",68.2,2.6,0.28,0.02,0.04,6.37,6,4.65,0.5,60.87,,865,786,-14.34,1
GBX,192, i | 1 | 2 | 3 ,,0.78,1.3,"240,300",187,849,29.2,0.6,0.84,0.03,0.03,1.33,2.07,,3.9,60.93,,814,845,0.51,2
GC,193, i | 1 | 2 | 3 ,,5.9,-0.84,"299,000","1,770","1,180",12.33,2.57,2.51,0.2,0.48,8.59,21.08,2.73,7.06,32.22,,204,359,1.62,2
GCAP,194, i | 1 | 3 ,,3.6,-1.64,"1,853,600","6,753",720,18.36,2.11,1.62,0.11,0.2,8.11,11.49,22.71,4.1,74.68,10.08,477,480,1.95,2
GEL,195, i | 1 | 2 | 3 ,,0.47,0,"1,685,900",800,"2,537",117.58,0.52,0.24,,0,0.64,0.45,-0.73,,90.56,15.66,987,"1,010",-3.1,1
GENCO,196, i | 1 | 2 | 3 ,,1.22,0.83,"1,269,100","1,529","1,369",,1.02,0.3,,0,-0.93,-2.57,-2.4,,71.44,,,,,
GFPT,197, i | 1 | 2 | 3 ,,19.4,3.19,"4,436,000","85,322","24,324",13.57,2.19,0.49,0.3,1.43,13.32,17.34,9.88,1.6,44.88,,280,267,0.02,3
GGC,198, i | 1 | 2 | 3 ,,14.7,2.08,"9,574,000","139,432","14,504",17.83,,0.52,,0.82,,,,,28.75,,,,,
GIFT,199, i | 1 | 2 | 3 ,,5.95,-0.83,"494,000","2,972","1,905",17.8,3.13,0.47,0.14,0.33,17.11,20.05,12,2.13,42.59,,318,281,0.69,1
GJS,200, i | 1 | 2 | 3 ,,0.35,0,"16,357,500","5,646","3,705",4.44,0.29,0.39,,0.08,5.85,6.69,22.51,,63.8,,377,341,0.18,
GL,201, i | 1 | 2 | 3 ,,20,0,"5,930,200","119,493","30,511",26.08,3.63,1.23,0.27,0.77,8.93,14.55,41.64,1.37,43.66,,481,536,0.28,2
GLAND,202, i | 1 | 2 | 3 ,,2.28,0.88,"1,245,400","2,867","13,472",14.21,1.25,1.42,0.1,0.16,7.26,8.75,13.96,4.42,15.63,,490,450,-0.01,1
GLOBAL,203, i | 1 | 2 | 3 ,,15,0,"10,433,200","156,688","57,621",37.73,4.27,0.87,0.17,0.4,8.71,10.83,8.72,1.05,31.98,,657,622,1.31,2
GLOW,204, i | 1 | 2 | 3 ,,78,-1.27,"1,954,100","153,192","114,103",14.11,2.25,1.01,4.29,5.53,11.07,15.84,15.64,7.28,30.89,,311,324,0.62,2
GOLD,205, i | 1 | 2 | 3 ,,7.95,-0.63,"1,751,500","13,926","18,474",16.07,1.28,1.04,0.23,0.49,5.17,8.28,11.65,2.88,20.8,,536,571,0.58,1
GPSC,206, i | 1 | 2 | 3 ,,34.25,0,"998,300","34,265","51,317",19.9,1.35,0.52,0.7,1.72,5.69,6.9,13.16,3.36,24.91,,626,601,0.64,3
GRAMMY,207, i | 1 | 2 | 3 ,,11.2,-0.88,"5,200",58,"9,183",,7.04,4.67,,0,-2.37,-24.94,0.17,,21.26,,,,,3
GRAND,208, i | 1 | 2 | 3 ,,0.93,1.09,"1,577,600","1,479","2,687",,0.93,1.81,,0,0.27,-2.07,-1.94,,47.08,,,,,
GREEN,209, i | 1 | 2 | 3 ,,1.68,0.6,"4,629,000","7,833","1,201",,1.73,0.04,,0,-11.59,-14.36,-75.58,,68.98,,,,,
GSTEL,210, i | 1 | 2 | 3 ,,0.34,0,"89,059,000","29,711","2,329",9.89,0.68,5.97,,0.03,4.95,7.19,15.01,,77.93,,425,442,0.77,1
GTB,211, i | 1 | 2 | 3 ,,1.19,0,"228,700",273,"1,142",13.89,1.8,0.52,0.03,0.09,11.29,13.83,3.41,2.69,24.51,,340,310,2.41,
GUNKUL,212, i | 1 | 2 | 3 ,,4.22,0,"48,073,600","204,374","31,306",49.66,3.38,1.69,0.04,0.08,4.92,6.84,18.22,0.81,36.47,,816,821,0.33,2
GYT,213, i | 1 | 2 | 3 ,,430,0,0,0,"3,182",14.38,0.79,0.32,20,29.91,5.4,5.54,0.03,4.67,25.59,,579,530,-0.08,1
HANA,214, i | 1 | 2 | 3 ,,53,0.47,"6,042,000","321,731","42,659",17.49,2.08,0.18,1,3.03,10.91,12.12,14.79,3.79,49.69,,448,382,1.69,3
HARN,215, i | 1 | 2 | 3 ,,3.12,0.65,"10,135,600","31,607","1,824",34.28,1.57,0.23,0.09,0.09,6.51,6.53,8.76,2.9,29.7,,766,692,-2.78,
HFT,216, i | 1 | 2 | 3 ,,4.96,0.4,"383,500","1,901","3,266",10.4,1.23,0.19,0.1,0.48,12.86,12.25,14.97,2.02,47.12,,300,195,0.36,
HMPRO,217, i | 1 | 2 | 3 ,,9.75,0,"8,669,600","84,066","128,224",29.78,6.91,1.7,0.15,0.33,11.83,23.7,6.85,2.77,44.87,,413,489,1.87,3
HOTPOT,218, i | 1 | 2 | 3 ,,2.14,-1.83,"252,900",546,869,,11.26,7.57,,0,-16.57,-102.74,-9.16,,26.69,,,,,2
HPT,219, i | 1 | 2 | 3 ,,1.16,-0.85,"53,800",62,603,63.98,2.58,0.12,0.01,0.02,3.64,4.04,5.89,0.85,22.94,,897,881,-3.65,1
HTC,220, i | 1 | 2 | 3 ,,16.7,0,"32,800",546,"3,327",13.43,1.3,0.88,0.35,1.24,6.35,9.93,5.92,3.89,31.54,,444,471,0.2,1
HTECH,221, i | 1 | 2 | 3 ,,8.2,-1.2,"946,800","7,825","2,460",18.23,2.59,0.28,0.11,0.45,17.04,16.39,16.02,2.01,67.67,,369,291,1.23,1
HYDRO,222, i | 1 | 2 | 3 ,,1.36,-2.16,"835,000","1,154",530,,9.07,7.12,,0,-16.71,-98.19,-10.45,,69.81,,,,,2
ICC,223, i | 1 | 2 | 3 ,,37,0,200,7,"10,753",10.88,0.59,0.17,1.15,3.4,5.34,5.72,5.44,3.11,30.9,,493,450,1.27,2
ICHI,224, i | 1 | 2 | 3 ,,8.85,-0.56,"579,300","5,155","11,505",63.51,1.98,0.51,,0.14,2.06,3,4.19,2.81,47.65,,913,945,-3.33,2
IEC,225, i | 1 | 2 | 3 ,SPNC,0.02,0,0,0,"4,068",,1,0.3,,0,-0.93,-1.35,-17.42,,100,,,,,
IFEC,226, i | 1 | 2 | 3 ,SPNP,3.1,0,0,0,"6,150",14.58,1.16,1.75,0.12,0.21,6.48,8.21,10.99,3.41,88.16,10.09,515,490,0.1,2
IFS,227, i | 1 | 2 | 3 ,,3.38,0,"1,719,600","5,810","1,668",11.92,1.32,2.16,0.1,0.28,4.82,12.04,37.98,2.82,26.68,,350,499,0.67,1
IHL,228, i | 1 | 2 | 3 ,,8.4,-1.18,"12,377,500","103,444","4,163",19.88,3.01,1.1,0.15,0.42,9.5,16.39,14.64,1.95,40.1,,391,464,2.23,1
ILINK,229, i | 1 | 2 | 3 ,,15.1,-3.21,"1,986,200","30,451","5,473",31.56,2.07,1.03,0.2,0.48,5.93,7.68,1.54,1.28,43.2,,713,702,1.3,1
INET,230, i | 1 | 2 | 3 ,,4.22,-1.86,"11,600,000","49,316","2,110",16.71,1.5,0.92,0.08,0.25,8.96,13.15,16.86,1.83,50.81,,408,431,-0.07,2
INOX,231, i | 1 | 2 | 3 ,,2.24,-3.45,"13,227,800","30,885","17,462",22.1,1.85,0.28,0.05,0.1,7.41,8.72,5.82,2.13,4.95,,601,551,0.06,
INSURE,232, i | 1 | 3 ,,50,0,0,0,500,62.47,2.29,3.44,,0.8,1.23,3.74,3.65,,25.26,,905,966,1.84,1
INTUCH,233, i | 1 | 2 | 3 ,,54.75,0,"4,755,900","261,289","175,552",10.93,7,0.86,1.61,5.01,30.04,69.68,51.58,8.4,59.49,,97,103,46.71,3
IRC,234, i | 1 | 2 | 3 ,,24,0,"39,800",951,"4,800",9.19,1.48,0.35,1.03,2.61,15.21,16.87,9.77,4.28,27.83,,183,130,0.15,2
IRCP,235, i | 1 | 2 | 3 ,,3,0,"133,700",404,763,,1.97,1.54,,0,-7.41,-22.85,6.01,,85.93,,,,,1
IRPC,236, i | 1 | 2 | 3 ,,5.05,-1.94,"93,030,800","474,374","103,194",11.37,1.24,1.08,0.23,0.44,7.37,11.19,5.78,4.47,51.9,,346,371,-0.04,3
IT,237, i | 1 | 2 | 3 ,,3.54,0,"603,700","2,151","1,237",52.67,1.18,0.77,0.04,0.07,1.13,1.84,0.51,1.38,53.01,,924,959,-0.56,1
ITD,238, i | 1 | 2 | 3 ,,4.52,0.89,"21,658,500","97,986","23,865",,1.83,5.09,0.01,0,3.27,-1.02,0.33,0.23,72.21,10.27,,,,1
ITEL,239, i | 1 | 3 ,,4.92,0,"780,300","3,845","4,920",66.46,3.44,1.47,,0.07,4.23,5.17,9.81,,36.3,,880,863,0.56,
IVL,240, i | 1 | 2 | 3 ,,37,-1.99,"11,399,700","426,394","178,130",10.78,1.96,1.82,0.36,3.43,9.38,18.99,6.15,1.75,33.5,,188,299,0.15,3
J,241, i | 1 | 3 ,,2.32,-0.85,"56,300",131,859,,1.19,2.22,,0,0.68,-1.28,-2.16,,30.19,,,,,1
JAS,242, i | 1 | 2 | 3 ,,8.45,-0.59,"11,285,000","95,902","53,891",14.93,4.64,3.03,0.25,0.57,10.32,26.4,14.74,6.17,30.94,,228,363,0.17,
JCT,243, i | 1 | 2 | 3 ,,82,-1.2,500,41,"1,107",16.94,1,0.16,4,4.84,6.52,6.35,7.06,4.82,24.28,,606,523,-192.5,
JMART,244, i | 1 | 2 | 3 ,,12.6,-3.08,"1,975,200","25,025","9,252",19.93,3.04,3.23,0.02,0.63,7.3,15.67,3.69,0.24,55.52,12.07,405,533,0.75,1
JMT,245, i | 1 | 2 | 3 ,,23.2,0.43,"352,400","8,220","8,630",22.78,4.3,1.22,0.66,1.02,10.2,20.69,26.72,2.86,43.74,,368,470,0.41,1
JSP,246, i | 1 | 2 | 3 ,,1.06,-1.85,"6,979,500","7,450","4,452",38.94,0.85,1.4,0.01,0.03,3.34,2.21,4.61,0.93,49.26,,867,826,0.45,2
JTS,247, i | 1 | 2 | 3 ,,2.1,0.96,"758,300","1,616","1,484",191.12,1.56,0.35,,0.01,1.05,0.79,30.99,4.81,33.94,,987,999,-0.8,
JUBILE,248, i | 1 | 2 | 3 ,,17.2,-0.58,"48,100",827,"2,997",19.24,3.71,0.4,0.3,0.89,17.07,20.13,10.33,3.18,45,,335,301,2.85,1
JUTHA,249, i | 1 | 2 | 3 ,,2.68,-0.74,"86,200",233,370,,0.85,3.39,,0,-2.49,-22.87,-44.15,,52.61,,,,,
JWD,250, i | 1 | 2 | 3 ,,8.3,-0.6,"1,609,600","13,418","8,466",,3.25,1.01,0.08,0,1.56,-0.56,6.95,0.96,45.11,,,,,1
K,251, i | 1 | 2 | 3 ,,5.9,-1.67,"1,670,100","9,916","1,298",48.26,3.06,0.57,0.09,0.12,5.97,6.41,-7.73,1.58,39.83,,826,771,3.29,2
KAMART,252, i | 1 | 2 | 3 ,,9,-1.1,"917,300","8,268","5,936",28.73,9,0.4,0.07,0.31,29.25,33.13,20.81,2.31,70.42,10.44,372,357,0.85,
KASET,253, i | 1 | 2 | 3 ,,2.8,0.72,"1,185,000","3,341",778,,2.28,1.12,,0,0.39,-1.6,0.62,,26.57,,,,,1
KBANK,254, i | 1 | 2 | 3 ,,188,-0.79,"3,919,500","738,565","449,933",11.05,1.35,7.46,3.5,17.01,2.05,13.08,22.62,2.11,66.5,,296,576,0.9,3
KBS,255, i | 1 | 2 | 3 ,,7.1,-0.7,"240,700","1,704","4,260",,1.13,2.36,0.05,0,-2.34,-10.05,9.31,1.4,41.49,,,,,1
KC,256, i | 1 | 2 | 3 ,SPNP,1,0,0,0,875,10.17,0.61,0.25,,0.1,5.98,6.12,10.51,,60.98,,464,402,-0.22,
KCAR,257, i | 1 | 2 | 3 ,,14.9,0,"979,800","14,583","3,725",10.49,1.8,1.11,0.72,1.42,8.54,18.13,14.8,6.85,26.5,,193,316,1.93,1
KCE,258, i | 1 | 2 | 3 ,,106.5,-0.47,"1,522,500","163,463","62,451",21.17,5.86,0.64,1.1,5.03,18.55,30.26,18.38,1.96,62.15,,308,320,0.17,3
KCM,259, i | 1 | 3 ,,1,-0.99,"329,600",332,680,292.86,1.49,0.67,0.01,0,1.5,0.51,4.46,0.75,29.39,,998,993,26.94,
KDH,260, i | 1 | 2 | 3 ,,97.75,-1.76,"2,300",224,"1,895",,4.29,0.36,,0,-3.77,-5.89,-6.21,,36.49,,,,,
KGI,261, i | 1 | 2 | 3 ,,4,0,"2,125,800","8,483","7,967",7.41,1.4,1.93,0.38,0.54,7.21,19.74,29.66,9.5,65,,125,310,0.34,1
KIAT,262, i | 1 | 2 | 3 ,,0.6,0,"3,172,600","1,908","1,620",15.31,1.54,0.2,0.03,0.04,9.71,9.64,11.32,6.67,45.69,,494,394,-1.66,
KKC,263, i | 1 | 2 | 3 ,,2.46,-0.81,"129,600",319,"2,952",81.66,1.14,1.96,0.1,0.03,2.99,1.36,2.16,4.03,40.11,,960,919,0.06,1
KKP,264, i | 1 | 2 | 3 ,,69,-0.72,"1,829,000","126,700","58,426",9.8,1.4,4.75,4,7.04,2.96,14.7,31.23,8.63,84.71,,227,509,0.48,3
KOOL,265, i | 1 | 2 | 3 ,,3.86,-0.52,"3,527,100","13,709","1,853",34.99,5.01,1.14,0.05,0.11,10.42,14.82,-8.46,1.94,32.77,,544,561,0.08,1
KSL,266, i | 1 | 2 | 3 ,,5.45,0,"3,446,700","18,677","24,036",15.71,1.45,1.5,0.1,0.35,6.54,10.13,13.97,1.83,23.12,,481,502,4.35,2
KTB,267, i | 1 | 2 | 3 ,,19.1,-1.04,"25,066,700","479,933","266,943",8.03,0.94,8.52,0.86,2.38,1.51,12.19,21.83,4.46,44.93,,260,528,0.51,3
KTC,268, i | 1 | 2 | 3 ,,128.5,0,"255,700","32,915","33,132",12.78,3,4.92,4,10.05,5.25,25.39,18.47,3.11,39.33,14.23,185,500,0.18,3
KTIS,269, i | 1 | 2 | 3 ,,7.2,0,"233,000","1,666","27,792",,3.36,2.03,0.1,0,0.97,-1.77,10.45,1.39,20.68,,,,,2
KWC,270, i | 1 | 2 | 3 ,,206,0,0,0,"1,236",16.1,2.03,0.08,7,12.8,15.18,13.1,31.87,3.4,46.01,,403,281,2.78,1
KWG,271, i | 1 | 2 | 3 ,,3.78,0,"214,600",809,"3,493",56.45,1.95,2.06,,0.07,9.25,10.04,-77.25,,21.43,,749,676,-1.39,
KYE,272, i | 1 | 2 | 3 ,,496,0,"6,100","3,025","10,912",8.17,1.72,0.31,19.14,60.71,18.66,22.73,13.29,3.86,34.99,,102,83,0.6,1
L&E,273, i | 1 | 2 | 3 ,,3.92,-2.97,"408,500","1,638","1,787",23.64,1.61,1.37,0.15,0.17,,,,3.71,,,,,2.47,2
LALIN,274, i | 1 | 2 | 3 ,,4.2,-0.47,"868,800","3,642","3,885",7.6,0.68,0.86,0.01,0.55,7.37,10.36,17.14,2.93,30.14,,309,304,0.52,1
LANNA,275, i | 1 | 2 | 3 ,,12.2,-1.61,"322,700","3,935","6,405",23.14,1.53,0.67,0.29,0.53,8.21,6.47,5,5.16,20.58,,676,534,-1.01,2
LDC,276, i | 1 | 2 | 3 ,,1.4,0.72,"924,800","1,283",840,,2.3,0.28,,0,-18.2,-30.04,-17.02,,47.31,13.71,,,,
LEE,277, i | 1 | 2 | 3 ,,3.06,0.66,"353,900","1,084","2,822",11.55,1.04,0.1,0.24,0.27,9.78,9.23,5.36,7.89,49.7,,414,300,19.06,
LH,278, i | 1 | 2 | 3 ,,9.95,0,"9,724,900","96,471","118,900",14.16,2.43,1.1,0.3,0.7,10.86,17.28,22.02,6.47,43.87,,297,336,1.47,2
LHBANK,279, i | 1 | 2 | 3 ,,1.79,-0.56,"10,973,400","19,714","24,413",9,1.17,9.31,0.05,0.2,1.59,13.67,23.81,2.89,26.39,,235,540,0.22,3
LHK,280, i | 1 | 2 | 3 ,,4.6,-1.71,"6,975,000","32,261","1,762",9.98,1.24,0.46,0.2,0.46,12.53,12.79,5.47,7.26,30.08,,278,186,-5.08,2
LIT,281, i | 1 | 2 | 3 ,,12.3,4.24,"14,109,300","171,497","2,706",23.52,5.04,3.16,0.01,0.52,8.92,25.03,35.87,0.09,55.19,11.28,346,517,0.51,2
LOXLEY,282, i | 1 | 2 | 3 ,,3.34,1.83,"21,399,800","70,988","7,565",30.16,1.17,1.29,0.07,0.11,3.32,3.93,4.88,2.13,68.11,,791,783,-15.25,2
LPH,283, i | 1 | 2 | 3 ,,9.4,-1.05,"2,072,000","19,702","7,050",43.81,4.27,0.2,0.2,0.21,9.85,9.88,13.27,2.11,58.36,,720,624,0.79,1
LPN,284, i | 1 | 2 | 3 ,,11.6,6.42,"21,129,200","241,282","17,118",9.58,1.45,0.66,0.6,1.21,11.56,15.38,12.74,8.26,81.17,,213,205,2.81,3
LRH,285, i | 1 | 2 | 3 ,,25.5,-0.97,"28,600",735,"4,250",14.12,0.34,0.63,0.26,1.81,2.83,2.5,8.14,1.48,34.25,,627,613,0.07,2
LST,286, i | 1 | 2 | 3 ,,6.9,-0.72,"2,220,200","15,434","5,658",16.66,1.76,0.77,0.1,0.41,8.09,10.97,3.33,1.44,23.94,,469,456,0.87,2
LTX,287, i | 1 | 2 | 3 ,,62.75,-0.79,"1,500",94,"3,253",8.61,0.6,0.78,1.25,7.29,5.2,7.14,4,3.95,26.12,,403,409,0.07,
LVT,288, i | 1 | 2 | 3 ,SPNPNC,0.66,0,0,0,457,,1.78,427.87,,0,-13.7,-156.3,-103.29,,74.86,,,,,
M,289, i | 1 | 2 | 3 ,,59.5,0,"181,300","10,786","54,434",24.58,3.9,0.14,1.1,2.42,17.49,16.15,14.22,3.52,21.23,,443,355,24.04,2
M-CHAI,290, i | 1 | 2 | 3 ,,220,-0.45,"4,600","1,015","3,520",21.36,2.55,1.23,4.4,10.3,7.73,12.66,2.74,1.99,36.97,,487,535,1.63,1
MACO,291, i | 1 | 2 | 3 ,,1.39,0,"6,664,800","9,221","4,647",48.52,4.09,0.43,0.01,0.03,10.4,9.95,18.35,1.96,56.12,,731,618,7.74,2
MAJOR,292, i | 1 | 2 | 3 ,,32.75,-1.5,"2,968,400","97,287","29,300",23.94,4.25,1.1,0.6,1.37,11.22,17.98,11.27,3.61,53.66,,413,451,2.6,1
MAKRO,293, i | 1 | 2 | 3 ,,35.25,-0.7,"119,700","4,227","169,200",29.27,9.76,2.18,0.49,1.2,14.44,35.25,3.48,2.39,2.12,,372,439,1.79,1
MALEE,294, i | 1 | 2 | 3 ,,51.75,2.99,"1,669,300","85,891","14,490",26.9,8.58,1.25,1.15,1.92,19.99,35.36,7.69,1.89,48.45,15.09,349,357,0.66,2
MANRIN,295, i | 1 | 2 | 3 ,,37,0,0,0,996,141.51,2.07,1.04,,0.26,4.1,1.47,19.68,,36.36,,968,892,-9.29,
MATCH,296, i | 1 | 2 | 3 ,,1.98,-0.5,"20,000",40,"1,548",,0.92,0.46,,0,-3.99,-5.81,-3.29,,43.22,,,,,1
MATI,297, i | 1 | 2 | 3 ,,8.25,0.61,"604,400","4,958","1,529",,1.08,0.23,,0,-0.05,-0.74,6,,32.81,,,,,1
MAX,298, i | 1 | 2 | 3 ,,0.05,0,"81,247,100","3,440","1,492",15.09,0.63,0.19,,0,6.82,8.08,20.33,,86.73,,526,482,-0.07,
MBAX,299, i | 1 | 2 | 3 ,,5.3,0,"3,290,700","17,771",847,14.87,1.95,1.57,0.2,0.36,6.51,13.51,4.66,5.96,42.46,,371,490,-0.46,
MBK,300, i | 1 | 2 | 3 ,,15,0,"136,700","2,047","25,619",12.92,1.25,1.11,0.33,1.16,6.98,10.66,18.28,4.4,43.47,,413,429,0.24,3
MBKET,301, i | 1 | 2 | 3 ,,22.1,0.45,"53,100","1,173","12,615",12.98,2.73,3.2,0.95,1.7,6.2,20.02,26.47,7.73,16.5,,236,466,0.9,2
MC,302, i | 1 | 2 | 3 ,,18.8,2.17,"1,799,600","33,829","15,040",17.25,3.42,0.19,0.5,1.09,18.35,20.4,18.75,4.89,43.76,,305,268,0.47,2
MCOT,303, i | 1 | 2 | 3 ,,12.7,-0.78,"158,900","2,001","8,726",,1.36,0.56,,0,-7.58,-10.78,-22.56,,22.72,,,,,3
MCS,304, i | 1 | 2 | 3 ,,15.2,1.33,"663,100","9,998","7,600",7.36,2.58,0.38,0.48,2.07,28.23,36.31,-57.4,9.07,73.71,,47,43,0.05,
MDX,305, i | 1 | 2 | 3 ,,5.35,-1.83,"323,300","1,741","2,544",30.03,0.9,0.38,,0.18,2.23,3.94,-26.77,,61.7,,786,824,1.38,1
MEGA,306, i | 1 | 2 | 3 ,,27.5,-2.65,"7,382,200","205,690","23,794",27.27,4.93,0.62,0.24,1.01,13.82,18.79,9,1.66,38.5,,435,433,2.64,2
METCO,307, i | 1 | 2 | 3 ,,229,-0.43,"1,800",412,"4,786",11.74,0.81,0.37,14,19.51,6.77,7,2.01,6.09,21.99,,480,412,-0.17,
MFC,308, i | 1 | 2 | 3 ,,20.4,0,"1,700",35,"2,536",13.65,1.84,0.13,1.55,1.49,15.14,13.41,10.1,7.6,33.96,,349,235,2.53,2
MFEC,309, i | 1 | 2 | 3 ,,5.25,-0.94,"170,800",897,"2,318",9.81,1.15,0.45,0.35,0.54,10.22,12.04,5.05,6.6,67.6,,296,248,2.52,1
MGT,310, i | 1 | 3 ,,2.68,-1.47,"8,951,900","24,070","1,072",31.02,2.98,0.22,0.03,0.09,14.44,13.13,7.37,1.1,25,,561,454,,
MIDA,311, i | 1 | 2 | 3 ,,0.73,0,"15,800",12,"1,828",35.47,0.48,1.4,,0.02,4.2,1.36,1.7,,68.75,,869,785,-0.25,
MILL,312, i | 1 | 2 | 3 ,XW,1.58,-2.47,"7,688,300","12,282","6,103",39.94,1.09,2.15,,0.04,4.41,2.79,1.89,,50.98,,860,801,0.63,
MINT,313, i | 1 | 2 | 3 ,,37,-1.33,"4,101,100","152,546","163,184",33.03,4.2,1.75,0.35,1.12,7.27,13.12,12.51,0.93,58.2,,575,654,1.66,3
MJD,314, i | 1 | 2 | 3 ,,3.32,0,"115,700",384,"2,857",12.01,0.74,3.23,,0.28,5.18,6.37,-18.82,,37.37,,513,491,-0.14,1
MK,315, i | 1 | 2 | 3 ,,3.7,1.09,"2,039,200","7,551","3,670",12.97,0.56,1.08,0.25,0.29,4.41,4.3,3.96,6.83,66.08,,568,533,0.85,1
ML,316, i | 1 | 2 | 3 ,,1.77,-2.21,"6,767,700","12,269","1,885",15.87,1.02,1.11,0.01,0.11,4.57,7.24,22.66,0.5,44.01,,553,584,7.32,
MM,317, i | 1 | 3 ,,4.94,-2.18,"3,335,600","16,698","5,211",,,1.09,,0,,,,,23.41,,,,,
MODERN,318, i | 1 | 2 | 3 ,,4.96,0,"184,600",915,"3,720",26.69,1.51,0.47,0.15,0.19,4.95,5.54,2.74,5.04,72.4,,726,694,14.08,1
MONO,319, i | 1 | 2 | 3 ,,3.32,-0.6,"4,541,700","15,138","11,102",,3.95,1.08,0.03,0,0.15,-5.59,3.58,0.9,29.29,,,,,3
MOONG,320, i | 1 | 2 | 3 ,,7.05,-4.08,"6,100,600","44,132","1,105",14.53,1.86,0.34,0.18,0.49,10.37,13.54,9.9,2.45,25.37,,364,354,1.73,2
MPG,321, i | 1 | 2 | 3 ,,0.64,0,"454,200",291,626,,4,0.75,,0,-30.06,-48.88,-30.46,,34.99,,,,,1
MPIC,322, i | 1 | 2 | 3 ,,1.5,0,500,1,"1,950",,2.94,0.42,,0,-13.5,-18.03,-46.65,,7.52,,,,,
MSC,323, i | 1 | 2 | 3 ,,5.55,-2.63,"867,500","4,841","1,998",10.31,1.18,0.8,0.35,0.54,7.52,12.1,4.11,6.14,25.68,,303,343,0.52,2
MTI,324, i | 1 | 2 | 3 ,,133.5,-0.37,900,120,"7,877",13.21,1.52,2.95,4.3,10.11,3.71,11.76,9.34,3.21,38.01,,383,562,-0.04,2
MTLS,325, i | 1 | 2 | 3 ,,33.75,0,"10,559,700","358,645","71,550",41.59,9.9,2.71,0.1,0.81,10.13,26.14,34.3,0.3,31.68,,461,600,0.68,2
NBC,326, i | 1 | 2 | 3 ,,1.8,0,"50,700",91,964,,1.06,0.96,,0,-11.29,-27.14,-40.57,,27.52,,,,,
NC,327, i | 1 | 2 | 3 ,,16,3.9,"3,300",53,239,18.47,0.59,0.64,0.22,0.87,2.51,3.28,2.45,1.43,26.76,,681,695,-1.76,1
NCH,328, i | 1 | 2 | 3 ,,1.2,0,"38,000",46,"1,494",39.02,0.61,1.05,,0.03,2.16,1.56,1.47,,44.7,,878,875,-1.8,2
NCL,329, i | 1 | 2 | 3 ,,2.14,1.9,"514,200","1,090",899,,4.04,1.45,,0,-2.34,-5.26,-2.25,,35.63,14.75,,,,1
NDR,330, i | 1 | 2 | 3 ,,4.12,-1.44,"11,899,700","50,026",886,13.84,2.07,0.74,0.1,0.3,11.94,15.8,5.77,2.32,33.78,,304,291,4.94,1
NEP,331, i | 1 | 2 | 3 ,,0.34,0,"612,400",212,634,,0.94,0.14,,0,-8.29,-10.73,-18.3,,57.53,,,,,1
NETBAY,332, i | 1 | 3 ,,16.9,0,"461,400","7,812","3,380",35,9.14,0.24,0.22,0.48,28.87,35.34,35.3,1.32,26.07,,410,401,0.94,
NEW,333, i | 1 | 2 | 3 ,,56,0,0,0,560,121.71,1.75,0.41,0.5,0.46,2.36,1.43,-5.58,0.91,19.03,,966,953,-1.44,
NEWS,334, i | 1 | 2 | 3 ,XA,0.08,0,"30,673,400","2,474",503,,1,3.18,,0,-52.37,-111.08,-181.84,,78.23,,,,,
NINE,335, i | 1 | 2 | 3 ,,1.6,0,"106,700",170,272,,1.01,0.38,,0,-37.66,-54.51,2.22,,28.41,22.38,,,,
NKI,336, i | 1 | 2 | 3 ,,58,0,0,0,"1,914",37.54,0.88,1.55,1,1.55,1.02,2.35,3.28,1.72,50.58,,857,903,0.59,3
NMG,337, i | 1 | 2 | 3 ,,0.71,-1.39,"5,983,200","4,249","2,888",,1.18,1.72,,0,-14.87,-41.97,-46.29,,51.29,18.08,,,,
NNCL,338, i | 1 | 2 | 3 ,,1.31,-1.5,"1,128,800","1,496","2,683",12.66,0.98,0.42,0.04,0.1,5.63,8.02,24.4,2.78,41.12,,475,483,-0.49,
NOBLE,339, i | 1 | 2 | 3 ,,14.7,2.08,"149,900","2,178","6,710",3.91,1.26,3.32,,3.76,10.2,38.34,26.68,,52.7,18.01,16,183,-0.03,2
NOK,340, i | 1 | 2 | 3 ,,4.32,10.77,"520,795,200","2,361,991","4,908",,,-114.93,,0,-46.81,-207.74,-5.46,,37.01,,,,,1
NPK,341, i | 1 | 2 | 3 ,,30,0,0,0,300,6.96,0.85,0.4,0.24,4.31,12.12,12.98,8.98,0.77,24.38,,228,152,-5.7,
NPP,342, i | 1 | 2 | 3 ,,0.71,1.43,"655,100",466,881,,0.77,0.44,,0,-13.11,-17.74,-28.14,,75.28,,,,,
NSI,343, i | 1 | 2 | 3 ,,77,0,"1,000",77,"1,070",12.27,0.86,1.77,1.4,6.28,3,7.17,2.56,5.06,34.73,,485,566,0.6,2
NTV,344, i | 1 | 2 | 3 ,,50.25,0.5,"4,000",200,"8,040",25.6,5.12,0.28,1.19,1.96,19.24,20.84,16.83,2.38,31.21,,389,353,1.64,2
NUSA,345, i | 1 | 2 | 3 ,,0.42,2.44,"18,076,700","7,468","2,918",,0.4,0.68,,0,-0.68,-2.56,-1.08,,81.84,,,,,1
NVD,346, i | 1 | 2 | 3 ,,4.88,-0.41,"493,300","2,418","5,761",138.01,1.24,1.12,,0.04,1.72,2.25,8.74,,11.04,,953,976,-1.27,
NWR,347, i | 1 | 2 | 3 ,,1.25,3.31,"10,892,100","13,476","3,232",103.83,0.87,2.38,,0.01,2.28,0.85,-0.31,,88.53,,973,951,-0.28,
NYT,348, i | 1 | 2 | 3 ,,7.2,0,"841,800","6,152","8,928",23.86,2.33,0.17,0.6,0.3,10.89,9.71,28.52,4.17,34.06,,596,459,5,3
OCC,349, i | 1 | 2 | 3 ,,16.8,0,0,0,"1,008",13.93,1.17,0.33,0.7,1.21,7.93,8.58,4.58,4.12,37.13,,487,417,-2.18,2
OCEAN,350, i | 1 | 2 | 3 ,,0.93,-8.82,"35,206,900","32,670",673,,2.58,0.47,,0,-0.49,-1.98,-6.84,1.47,55.7,,,,,
OGC,351, i | 1 | 2 | 3 ,,50.75,0,0,0,"1,083",8.68,0.57,0.63,2.22,5.84,5.73,6.99,6.14,4.33,37.04,,412,388,-0.13,2
OHTL,352, i | 1 | 2 | 3 ,,"1,000",0,100,100,"15,098",96.92,17.29,1.35,5,10.32,9.98,17.47,20.47,1.1,21.19,,603,672,5.57,
OISHI,353, i | 1 | 2 | 3 ,,136.5,-3.19,"33,100","4,614","25,594",19.94,5.09,0.87,1.1,6.84,15.57,27.53,10.29,2.8,20.34,,298,332,3.83,2
ORI,354, i | 1 | 2 | 3 ,,14.2,5.19,"20,214,000","282,269","21,907",30.38,9.28,2.34,0.04,0.47,14.94,34.28,19.58,0.66,17.98,13.5,385,442,0.47,2
OTO,355, i | 1 | 2 | 3 ,,7.95,-0.63,"1,830,400","14,633","2,226",24.38,2.48,0.12,0.15,0.33,11.31,10.4,10.51,2.88,29.98,,577,450,-487.6,3
PACE,356, i | 1 | 2 | 3 ,,2.94,-0.68,"1,708,800","5,048","11,049",,10.89,28.08,,0,-7.35,-188.82,-23.07,,47.57,,,,,2
PAE,357, i | 1 | 2 | 3 ,SPNPNC,0.07,0,0,0,194,,,-3.17,,0,-21.45,,-43.5,,100,,,,,
PAF,358, i | 1 | 2 | 3 ,,2.04,-0.97,"235,400",486,"1,102",5.21,2.32,0.61,0.02,0.39,32.04,59.59,0.91,1.08,57.27,,14,15,0.03,
PAP,359, i | 1 | 2 | 3 ,,5.15,-2.83,"1,824,300","9,573","3,399",8.4,1.28,0.65,0.99,0.61,13.58,16.53,4.93,18.68,24.64,,173,145,-0.03,2
PATO,360, i | 1 | 2 | 3 ,,13.2,0.76,"122,600","1,607","1,879",11.65,3.18,0.2,0.92,1.13,29.47,28.78,20.72,7.02,47.98,,143,118,3.19,1
PB,361, i | 1 | 2 | 3 ,,64,0,"28,600","1,814","28,800",19.79,4.49,0.2,0.91,3.23,22.2,24.12,18.19,2.58,25.48,,314,278,1.6,2
PCA,362, i | 1 | 2 | 3 ,,2.8,-2.1,"39,000",110,700,,1.76,0.81,,0,-3.34,-8.55,-32.72,,32.58,,,,,1
PCSGH,363, i | 1 | 2 | 3 ,,7,-0.71,"460,300","3,222","10,815",26.48,2.12,0.07,0.12,0.26,7.58,8.03,15.13,3.4,23.37,,657,582,-0.78,2
PDG,364, i | 1 | 2 | 3 ,,4.46,-0.45,"471,800","2,099","1,204",13.09,2.07,0.22,0.17,0.34,16.71,16.27,12.12,5.58,45.69,,284,204,0.74,1
PDI,365, i | 1 | 2 | 3 ,,21.9,-0.45,"1,232,700","27,066","4,949",6.51,1.14,0.29,1,3.36,15.05,19.15,19.66,4.55,61.18,,117,96,,2
PE,366, i | 1 | 2 | 3 ,,0.74,-1.33,"22,000",16,592,,6.73,23.22,,0,-13.79,-125.22,-1.38,,36.79,,,,,2
PERM,367, i | 1 | 2 | 3 ,,3.84,-2.04,"4,232,200","16,384","1,920",5.01,1.81,2.82,0.15,0.77,16.1,44.18,7.04,3.83,37.67,,17,73,-0.02,
PF,368, i | 1 | 2 | 3 ,,0.88,0,"121,200",107,"7,628",99.21,0.63,2.82,0.04,0.01,2.28,0.65,1.46,4.55,67.27,,978,949,1.87,1
PG,369, i | 1 | 2 | 3 ,,7.45,0.68,"6,500",48,715,,0.47,0.2,,0,-4.45,-5.16,-4.96,,34.38,,,,,2
PHOL,370, i | 1 | 2 | 3 ,,2.66,0,"203,400",542,539,,1.57,2.32,,0,-3.12,-10.74,-4.39,3.01,41.64,,,,,3
PICO,371, i | 1 | 2 | 3 ,,3.7,0,"2,000",7,797,52.33,1.98,1.11,0.15,0.07,2.96,3.72,-2.84,4.05,21.67,,893,894,-0.15,1
PIMO,372, i | 1 | 2 | 3 ,,2.44,-0.81,"570,800","1,398","1,269",33.97,4,0.52,0.03,0.07,9.7,12.22,5.44,1.3,24.27,,604,584,2.5,1
PJW,373, i | 1 | 2 | 3 ,,2.82,-0.7,"251,300",710,"1,619",15.01,1.45,1.29,0.13,0.19,5.99,9.87,3.84,4.58,36.05,,479,515,0.48,2
PK,374, i | 1 | 2 | 3 ,,6.4,-3.76,"11,531,300","75,958","2,653",18.96,2.01,1.4,0.08,0.34,6.85,11.2,6.42,1.2,25.4,,488,534,-0.15,
PL,375, i | 1 | 2 | 3 ,,4.7,-0.42,"2,676,200","12,681","2,804",10.77,1,3.61,0.19,0.44,0.99,9.52,5.95,4.03,62.89,,390,595,2.25,1
PLANB,376, i | 1 | 2 | 3 ,,5.95,-1.65,"1,642,700","9,862","20,921",53.35,6.47,0.21,0.04,0.11,12.36,12.52,14.55,0.58,31.84,,675,581,1.52,2
PLAT,377, i | 1 | 2 | 3 ,,6.85,-0.72,"948,200","6,507","19,180",26.97,2.22,0.16,0.18,0.25,8.98,8.35,37.33,2.61,25.8,,659,546,0.97,1
PLE,378, i | 1 | 2 | 3 ,,0.88,0,"728,900",645,"1,049",4.99,1.11,6.87,,0.18,5.13,26.81,2.94,,79.28,,46,376,-0.01,1
PM,379, i | 1 | 2 | 3 ,,11.4,3.64,"2,902,800","32,688","6,820",18.39,3.54,0.43,0.59,0.62,17.74,19.39,12.92,8.18,42.85,,333,287,3.31,2
PMTA,380, i | 1 | 2 | 3 ,,19.1,0,"39,600",756,"1,933",7.64,1.21,0.16,1.17,2.5,16.04,15.95,0.41,6.13,21.25,,175,101,0.04,1
POLAR,381, i | 1 | 2 | 3 ,SPNP,0.15,0,0,0,"1,277",,0.28,0.1,,0,-12.76,-14.96,-259.78,,99.77,,,,,
POST,382, i | 1 | 2 | 3 ,,5.25,5,"14,800",76,"2,625",,3.95,2.57,,0,-5.22,-23.1,-16.7,,27.96,,,,,
PPM,383, i | 1 | 2 | 3 ,,3.42,-1.16,"1,108,000","3,784","1,443",76.87,1.8,0.91,0.04,0.04,2.79,2.87,3.39,0.96,24.27,,926,922,-0.96,1
PPP,384, i | 1 | 2 | 3 ,,5.6,-0.88,"139,400",782,"1,680",11.78,1.71,0.92,0.26,0.48,10.06,15.16,8.67,6.37,42.04,,272,303,0.29,2
PPS,385, i | 1 | 2 | 3 ,,1.51,-0.66,"8,142,400","12,478",923,22.18,3.97,0.32,0.01,0.07,19.61,20.25,14.98,0.3,48.84,11.54,370,318,0.15,3
PR,386, i | 1 | 2 | 3 ,,60.25,0.42,"5,500",331,"9,020",13.91,2.18,0.06,1.22,4.33,15.87,16.38,30.61,3.6,44.78,,299,232,1.45,2
PRAKIT,387, i | 1 | 2 | 3 ,,13.8,-0.72,"74,200","1,025",834,14.01,0.95,0.56,0.1,0.99,5.56,6.89,11.31,0.65,42.98,,535,515,0.94,
PRANDA,388, i | 1 | 2 | 3 ,,4.2,0,"103,300",432,"1,720",,0.73,0.97,,0,-3.36,-8.99,-7.95,,62.96,10.37,,,,2
PREB,389, i | 1 | 2 | 3 ,,13.9,0,"81,400","1,134","4,291",4.62,1.9,1.23,1,3.01,19.43,49.8,21.88,7.19,66.38,16.05,11,41,0.08,2
PRECHA,390, i | 1 | 2 | 3 ,,2.2,0.92,"994,400","2,212",739,,1.38,0.14,,0,-3.29,-4.34,-75.33,,52,,,,,
PRG,391, i | 1 | 2 | 3 ,,12,0,0,0,"7,200",21.44,1.06,0.3,0.28,0.56,3.86,4.99,-0.07,4.71,5.74,,692,683,0.5,2
PRIN,392, i | 1 | 2 | 3 ,,1.39,-0.71,"5,059,600","6,987","1,696",7.85,0.42,1.2,0.06,0.18,3.75,5.43,7.34,8.57,72.5,9.74,443,444,0.22,1
PRINC,393, i | 1 | 2 | 3 ,,3.4,1.19,"1,467,600","4,995","11,016",,1.41,0.23,,0,-1.19,-1.69,-20.97,,9.1,,,,,2
PRO,394, i | 1 | 2 | 3 ,SPNC,0.2,0,0,0,405,,,0.75,,0,7.53,12.66,14.34,,74.68,,,,,
PSH,395, i | 1 | 2 | 3 ,,22,0,"2,418,600","53,123","48,108",8.94,1.33,0.88,0.8,2.46,5.43,7.55,8.42,2.78,24.5,12.32,396,405,,
PSL,396, i | 1 | 2 | 3 ,,9.35,0.54,"2,870,500","26,997","14,579",,1.11,1.37,,0,-2.21,-10.82,-5.54,,41.28,,,,,3
PSTC,397, i | 1 | 2 | 3 ,,0.72,-1.37,"3,503,000","2,529","3,191",,2.32,1.37,,0,0.66,-2.82,5.71,,58.39,,,,,1
PT,398, i | 1 | 2 | 3 ,,6.55,-0.76,"1,629,700","10,772","1,859",11.54,1.32,1.86,0.88,0.57,10.76,24.82,5.97,7.58,44.27,,154,271,0.39,2
PTG,399, i | 1 | 2 | 3 ,,22.5,-0.88,"5,682,500","128,672","37,575",39.19,7.92,1.81,0.2,0.57,11.51,21.23,0.86,1.32,39.62,,479,549,1.11,2
PTL,400, i | 1 | 3 ,,14,0.72,"7,618,900","107,147","12,600",9.23,1.31,0.49,0.36,1.52,10.29,15.32,11.45,2.59,45.88,,208,236,-0.07,
PTT,401, i | 1 | 2 | 3 ,,385,0,"4,441,800","1,718,256","1,099,675",9.39,1.38,1.28,10,41,9.9,15.47,8.73,4.16,48.86,,209,254,0.18,3
PTTEP,402, i | 1 | 2 | 3 ,,87.5,1.45,"20,342,700","1,786,802","347,374",17.79,0.88,0.68,2.5,4.92,5.22,4.93,31.95,3.77,34.67,,642,589,-0.21,3
PTTGC,403, i | 1 | 2 | 3 ,,71.5,0.7,"6,149,700","439,415","322,383",9.36,1.23,0.54,1.8,7.64,10.82,13.79,11.92,4.01,50.02,,240,225,0.03,3
PYLON,404, i | 1 | 2 | 3 ,,13.3,4.72,"5,940,900","77,674","4,987",27.53,5.91,0.26,0.2,0.48,19.2,20.1,21.87,3.54,44.13,,425,377,0.96,2
Q-CON,405, i | 1 | 2 | 3 ,,5.55,0,"16,800",94,"2,220",,1.25,0.14,,0,-4.61,-5.8,-2.69,,8.39,,,,,2
QH,406, i | 1 | 2 | 3 ,,2.54,1.6,"14,718,300","37,166","27,215",9.09,1.15,1.26,0.08,0.28,6.91,13.03,16.77,6,63,,254,343,0.21,3
QLT,407, i | 1 | 2 | 3 ,,9,0.56,"84,000",757,887,20.54,1.95,0.13,0.15,0.44,9.6,9.39,10.54,2.79,42.78,,574,472,-2.4,1
QTC,408, i | 1 | 2 | 3 ,,13.7,-2.84,"449,500","6,307","3,699",,5.06,0.56,0.03,0,-7.91,-12.17,-8.89,0.21,25.84,10.69,,,,3
RAM,409, i | 1 | 2 | 3 ,,"2,990",0,0,0,"35,880",33.18,3.56,0.45,8,90.1,9.71,11.87,20.27,0.54,32.11,,609,578,5.73,
RATCH,410, i | 1 | 2 | 3 ,,50.5,-0.98,"3,631,000","183,388","73,225",11.68,1.15,0.52,1.25,4.32,8.94,10,12.55,4.61,37.38,,397,329,0.68,3
RCI,411, i | 1 | 2 | 3 ,,3.76,-1.05,"1,460,000","5,520","1,739",,3.16,0.57,,0,-20.13,-31.97,-160.38,,65.66,,,,,1
RCL,412, i | 1 | 2 | 3 ,,7.7,-3.14,"15,110,600","118,530","6,381",,0.74,1.02,,0,-6.71,-14.8,-9.79,,47.66,,,,,1
RICH,413, i | 1 | 2 | 3 ,SPNC,0.07,0,0,0,218,,,-8.12,,0,-43.46,-514.94,-133.7,,94.4,,,,,1
RICHY,414, i | 1 | 2 | 3 ,,1.43,0,"301,800",433,"1,123",,0.8,2.71,0.01,0,0.64,-0.2,2.55,0.35,41.33,,,,,2
RJH,415, i | 1 | 2 | 3 ,,22.9,2.69,"2,342,400","53,597","6,870",39.89,4.44,0.17,0.2,0.57,12.16,15.29,18.55,1.79,56.91,,561,533,0.42,
RML,416, i | 1 | 2 | 3 ,,1.25,0,"188,300",234,"4,469",6.26,0.86,0.74,0.07,0.2,11.08,14.44,9.22,5.6,59.93,,186,171,-0.26,1
ROBINS,417, i | 1 | 2 | 3 ,,58.25,-0.43,"1,287,700","75,571","64,696",22.79,4.08,0.59,1.25,2.56,14.06,18.92,9.55,2.14,40.57,,391,386,1.47,2
ROCK,418, i | 1 | 2 | 3 ,,21.6,0,0,0,432,38.42,0.97,0.59,0.25,0.56,3.49,2.52,-14.02,1.14,21.44,,857,819,-0.23,
ROH,419, i | 1 | 2 | 3 ,,33,0,0,0,"3,094",28.5,3.39,0.23,0.9,1.16,12.48,12.64,20.41,2.75,2.13,,555,461,0.23,
ROJNA,420, i | 1 | 2 | 3 ,,5.65,0.89,"1,866,800","10,566","11,416",14.69,0.91,2.12,,0.38,3.19,6.34,27.24,,34.1,,572,616,-0.17,
RP,421, i | 1 | 3 ,,6.7,0,"127,600",855,"1,139",25.92,1.28,0.17,0.3,0.26,4.55,4.69,4.54,4.48,33.86,,734,701,-1.87,
RPC,422, i | 1 | 2 | 3 ,,0.76,1.33,"4,800,400","3,702",992,,0.78,1.35,,0,-3.16,-9.12,-1.27,,68.13,,,,,1
RPH,423, i | 1 | 2 | 3 ,,5,-0.99,"2,062,800","10,343","2,730",45.92,2.12,0.14,0.05,0.11,3.25,2.9,9.82,0.95,70.82,,883,865,,
RS,424, i | 1 | 2 | 3 ,,9.25,0,"1,912,400","17,844","9,342",,8.19,2.84,,0,-2.7,-11.68,5.8,,41.33,21.9,,,,2
RWI,425, i | 1 | 2 | 3 ,,2.5,-2.34,"11,049,200","27,990","1,501",26.61,1.54,0.09,,0.09,6.47,5.95,14.33,,25.76,,716,630,-0.24,2
S&J,426, i ,,24.1,0,"4,000",97,0,,,0.45,,0,1.83,0.84,2.63,,,,,,,
S,427, i | 1 | 2 | 3 ,,4.68,0,"3,530,200","16,539","30,203",291.48,2.16,1,,0.02,1.83,0.84,2.63,,23.63,,990,983,-0.99,2
S11,428, i | 1 | 2 | 3 ,,8.65,1.76,"1,029,900","8,907","5,302",12.49,2.64,1.2,0.23,0.69,12.88,22.17,29.38,4,30.66,,200,246,0.22,
SABINA,429, i | 1 | 3 ,,23.4,0,"1,200",28,"8,132",42.63,4.5,0.25,0.14,0.55,10.92,10.88,8.8,1.03,19.35,,683,582,1.8,2
SALEE,430, i | 1 | 2 | 3 ,,1.74,1.16,"2,981,400","5,207","2,646",46.99,2.07,0.36,0.04,0.04,6.09,4.46,4.29,2.03,55.36,,863,763,1.99,2
SAM,431, i | 1 | 2 | 3 ,,1.28,0,"551,500",705,"1,338",,0.66,0.86,,0,-1.19,-3.73,-6.75,,31.48,,,,,
SAMART,432, i | 1 | 2 | 3 ,,15.4,-0.65,"2,011,100","31,138","15,500",,2.7,2.88,0.08,0,1.28,-0.13,1.18,1.23,53.96,18.56,,,,3
SAMCO,433, i | 1 | 2 | 3 ,,3.36,2.44,"19,499,800","68,198","2,156",,0.96,0.73,0.01,0,1.15,-0.22,-1.23,0.31,39.1,,,,,2
SAMTEL,434, i | 1 | 2 | 3 ,,14,0,"738,400","10,381","8,652",41.36,2.42,1.74,0.1,0.34,3.79,5.9,5.78,1.43,27.15,,812,821,-1.94,3
SANKO,435, i | 1 | 2 | 3 ,,1.66,1.22,"43,326,800","74,671",496,,3.02,0.93,,0,-3.56,-11.94,3.1,,35.27,,,,,1
SAPPE,436, i | 1 | 2 | 3 ,,25.5,-1.92,"736,100","19,026","7,710",19.71,3.74,0.22,0.54,1.29,19.85,20.37,9.57,2.08,25.35,,338,286,0.34,1
SAT,437, i | 1 | 2 | 3 ,,17.3,1.17,"173,500","3,000","7,356",11.73,1.21,0.56,0.41,1.48,7.9,10.69,8.01,3.51,52.85,,381,368,0.74,3
SAUCE,438, i | 1 | 2 | 3 ,,23.6,0.43,"9,400",221,"8,496",19.41,3.39,0.12,1.15,1.22,19.52,17.54,15.25,4.89,25.22,,367,284,-13.71,
SAWAD,439, i | 1 | 2 | 3 ,,52,-0.48,"9,559,100","497,983","56,540",24.86,7.59,2.6,0.01,2.09,13.22,36,40.94,0.01,47.41,,327,419,0.48,1
SAWANG,440, i | 1 | 2 | 3 ,,14.8,-3.9,"1,200",18,355,,0.73,0.16,,0,-3.55,-4.08,-15.26,,22.83,,,,,
SC,441, i | 1 | 2 | 3 ,,3.46,0,"840,300","2,891","14,460",9.19,1,1.38,0.19,0.38,6.08,11.16,4.28,5.49,34.25,,305,381,0.66,3
SCB,442, i | 1 | 2 | 3 ,,154.5,-0.64,"2,227,400","345,727","524,588",10.72,1.51,7.47,4,14.41,2.1,14.65,28.88,3.54,71.09,,249,561,1.71,3
SCC,443, i | 1 | 2 | 3 ,,516,-1.15,"4,703,800","2,428,772","619,200",10.32,2.59,1.17,10.5,50,16.14,26.8,13.75,3.64,67.36,,119,143,0.56,3
SCCC,444, i | 1 | 2 | 3 ,,306,-0.33,"277,600","84,722","91,188",29.39,3.48,3.08,7,10.41,8.08,14.21,5.13,3.77,26.88,,523,596,6.16,3
SCG,445, i | 1 | 2 | 3 ,,4.76,0,"1,200",6,"4,546",19.97,1.83,1.84,0.14,0.24,6.38,9.36,9.72,2.94,26.54,,569,575,1.14,2
SCI,446, i | 1 | 2 | 3 ,,9,1.69,"1,826,300","16,396","6,750",38.87,3.47,0.64,0.05,0.23,7.81,9.16,1.08,0.56,39.93,,714,659,-2.96,1
SCN,447, i | 1 | 2 | 3 ,,5.85,2.63,"8,025,500","46,967","7,020",25.67,2.75,0.83,0.14,0.23,7.96,11.04,7.02,2.46,36.7,,567,564,0.28,1
SCP,448, i | 1 | 2 | 3 ,,8.2,-0.61,"78,600",647,"2,460",10.36,1.41,0.26,0.35,0.79,14.16,14.13,13.41,4.24,52.96,,254,175,0.25,1
SE,449, i | 1 | 2 | 3 ,,3.72,1.09,"4,418,300","16,466",893,28.09,3.02,0.23,0.08,0.13,16.59,15.93,11.32,2.17,27.78,,480,399,,
SE-ED,450, i | 1 | 2 | 3 ,,3.94,0.51,"44,400",175,"1,544",69.04,1.75,1.83,0.01,0.06,2.06,2.5,-0.16,0.26,31.76,,929,949,-2.2,3
SEAFCO,451, i | 1 | 2 | 3 ,,13.4,8.94,"19,661,900","253,378","4,096",25.12,3.67,0.79,0.15,0.53,10.32,15.17,10.98,2.11,69.69,,465,487,-0.41,2
SEAOIL,452, i | 1 | 2 | 3 ,,3.06,0,"1,975,900","6,123","1,694",,1.15,0.97,0.05,0,1.03,-3.17,-1.8,1.23,39.59,20.24,,,,1
SELIC,453, i | 1 | 2 | 3 ,,3.12,0,"422,300","1,322",874,24.73,2.36,0.35,0.05,0.13,7.05,7.53,5,1.7,32.48,,653,589,,
SENA,454, i | 1 | 2 | 3 ,,3.72,-0.53,"1,325,900","4,945","4,515",6.62,1.71,1.16,0.01,0.56,10.86,17.49,14,5.15,50.02,,141,183,0.18,1
SF,455, i | 1 | 2 | 3 ,,5.95,0,"658,100","3,947","10,571",11.73,1.22,0.65,0.2,0.51,7.29,10.7,49.94,3.36,46.37,,381,389,0.42,
SFP,456, i | 1 | 2 | 3 ,,207,-0.96,"1,500",308,"4,347",11.04,1.74,0.2,6.5,18.74,19.62,21.35,13.4,4.31,28.73,,168,130,1.18,2
SGF,457, i | 1 | 2 | 3 ,,0.32,-3.03,"44,174,000","14,572","4,192",42.3,2.67,0.03,,0.01,3.94,6.74,21.02,,78.92,,795,825,0.25,
SGP,458, i | 1 | 2 | 3 ,,14.9,2.76,"7,981,100","117,551","13,692",6.17,1.31,1.93,0.35,2.42,9.72,22.35,7.92,3.45,30.3,12.68,79,211,-0.08,
SHANG,459, i | 1 | 2 | 3 ,,67.75,0,"2,000",136,"8,808",15.15,1.06,0.07,2,4.47,8.09,7.13,23.75,2.95,15.63,,550,435,0.04,
SIAM,460, i | 1 | 2 | 3 ,,2.66,-0.75,"551,400","1,478","1,578",,0.69,0.42,0.01,0,0.28,-1.4,1.45,0.37,38.54,,,,,2
SIM,461, i | 1 | 2 | 3 ,,1.03,-0.96,"881,900",916,"4,532",,2.06,2.4,,0,-10.08,-33.89,-47.34,,27.02,,,,,3
SIMAT,462, i | 1 | 2 | 3 ,,3.88,-3,"5,345,500","21,301","1,541",51.44,2.31,1.29,,0.08,4.86,4.6,4.89,,47.69,,871,828,-0.86,
SINGER,463, i | 1 | 2 | 3 ,,12.1,-0.82,"964,100","11,705","3,267",69.76,2.03,1.03,0.25,0.17,2.11,2.89,-3.15,2.05,75,,921,947,18.54,2
SIRI,464, i | 1 | 2 | 3 ,,2.12,0,"80,192,500","168,791","30,285",9.08,1.06,1.62,0.08,0.23,6.79,11.85,7.18,5.66,79.08,,284,348,0.51,1
SIS,465, i | 1 | 2 | 3 ,,7.75,-2.52,"12,395,800","96,667","2,714",11.01,1.53,1.99,0.4,0.7,7.16,14.45,1.45,5.03,26.8,,262,375,-0.08,2
SITHAI,466, i | 1 | 2 | 3 ,,1.92,0,"281,900",539,"5,203",20.33,1.12,1.36,0.1,0.09,4.2,5.43,2.03,5.21,68.56,,673,660,3.3,3
SKR,467, i | 1 | 2 | 3 ,,49.25,0.51,"30,200","1,480","7,437",41.07,2.17,0.52,0.55,1.2,6.67,6.74,2.9,1.12,50.76,,786,715,2.73,1
SLP,468, i | 1 | 2 | 3 ,,1.64,1.86,"1,904,800","3,152","1,968",30.56,1.95,0.06,0.04,0.05,7.55,6.43,11.98,3.73,30.33,,745,625,0.78,1
SMART,469, i | 1 | 3 ,,1.02,2,"213,500",214,469,,0.88,0.26,,0,-5.62,-7.49,-16.75,,20.46,,,,,
SMIT,470, i | 1 | 2 | 3 ,,6.25,-2.34,"1,927,000","12,171","3,313",16.02,1.52,0.13,0.18,0.39,10.44,9.68,10.71,4.69,48.12,,502,376,27.34,1
SMK,471, i | 1 | 2 | 3 ,,44,0,"5,400",238,"8,800",10.48,1.64,1.63,1.8,4.2,7.06,16.6,10.23,4.09,13.56,,212,364,0.71,2
SMM,472, i | 1 | 2 | 3 ,,1.46,-2.67,"1,313,600","1,933",472,,1.46,2.06,,0,-12.2,-44.82,-44.38,,45.74,,,,,
SMPC,473, i | 1 | 2 | 3 ,,14.5,0,"247,100","3,585","7,672",14.53,6.22,0.84,0.34,1,31.53,46.59,12.05,4.41,40.59,,188,186,0.43,2
SMT,474, i | 1 | 2 | 3 ,,6.25,0,"2,431,400","15,206","5,228",368.62,2.89,0.95,,0.02,2.24,0.79,7.21,,60.57,10.93,994,971,-3.18,2
SNC,475, i | 1 | 2 | 3 ,,14.6,-0.68,"352,200","5,149","4,202",12.56,1.68,1.33,0.4,1.16,6.8,13.28,3.93,6.12,60.44,,327,427,-2.67,3
SNP,476, i | 1 | 2 | 3 ,,23.8,-0.42,"3,600",86,"11,672",26.73,4.83,0.46,0.7,0.89,14.95,17.78,4.71,3.35,22.12,,438,404,7.47,2
SOLAR,477, i | 1 | 2 | 3 ,,2.9,-0.68,"1,489,100","4,324","1,578",,0.83,1.08,,0,-2.16,-5.47,-39.52,,67.48,,,,,
SORKON,478, i | 1 | 2 | 3 ,,62,0,0,0,"2,005",19,2.35,1.69,2.75,3.26,8.29,13.32,4.44,4.47,37.39,,436,481,0.93,1
SPA,479, i | 1 | 2 | 3 ,,12.9,-2.27,"413,500","5,362","7,353",48.74,11.22,0.39,0.05,0.26,22.04,24.79,19.86,0.76,31.26,,497,469,0.69,1
SPACK,480, i | 1 | 2 | 3 ,,2.64,0,"799,200","2,128",792,,1.7,1.73,0.02,0,-0.77,-7.57,-2.67,0.72,24.28,,,,,
SPALI,481, i | 1 | 2 | 3 ,,25.75,-0.96,"2,063,000","53,025","44,201",10.59,1.87,1.23,0.55,2.43,11.11,18.61,18.05,4.04,69.98,,193,239,0.69,3
SPC,482, i | 1 | 2 | 3 ,,45.5,1.11,"3,900",179,"15,015",10.83,1.05,0.59,1.3,4.2,7.78,10.29,3.91,2.89,47.53,,368,347,1.3,1
SPCG,483, i | 1 | 2 | 3 ,,21,0,"1,758,500","36,780","19,404",8.16,2.17,1.62,0.7,2.57,13.46,28.41,51.89,5.24,39.63,,74,143,0.04,1
SPG,484, i | 1 | 2 | 3 ,,18.8,0.53,"4,400",83,"6,486",11.31,1.4,0.12,0.45,1.66,14.18,12.58,15.33,4.28,15,,312,191,0.68,
SPI,485, i | 1 | 2 | 3 ,,40,-0.62,"18,000",722,"19,761",13.14,0.86,0.13,0.35,3.04,6.24,6.82,33.61,1.12,45.04,,520,469,1.13,2
SPORT,486, i | 1 | 2 | 3 ,,1.11,-1.77,"267,500",299,418,,2.92,10.41,,0,-11.54,-97.05,-26.06,,44.58,9.91,,,,
SPPT,487, i | 1 | 2 | 3 ,,6.8,0,"9,602,300","67,058","1,578",,3.42,0.48,,0,-0.55,-3.44,0.46,,50.62,,,,,2
SPRC,488, i | 1 | 2 | 3 ,,14.2,-2.07,"12,822,800","183,399","61,570",6.22,1.43,0.47,0.64,2.28,19.84,24.57,6.38,8.15,28.57,,70,48,1.11,2
SPVI,489, i | 1 | 2 | 3 ,,0.77,0,"267,900",204,308,28.17,1.12,0.4,0.01,0.03,3.35,3.96,0.42,1.56,50.21,,769,761,-0.74,1
SQ,490, i | 1 | 2 | 3 ,,5.85,-0.85,"31,222,900","185,416","6,611",13.83,2.66,1.43,0.05,0.42,20.6,36.4,22.06,0.85,48.27,,176,185,,
SR,491, i | 1 | 2 | 3 ,,2.9,-0.68,"92,800",270,"1,740",20.66,1.87,0.44,0.06,0.14,7.7,9.17,-7.24,4.11,33.95,,582,531,0.41,2
SRICHA,492, i | 1 | 2 | 3 ,,19.6,-0.51,"216,200","4,234","6,074",41.47,3.14,0.12,0.4,0.47,8.32,7.54,4.12,2.03,43.45,,763,652,-1.32,
SSC,493, i | 1 | 2 | 3 ,,57.75,0.43,500,28,"15,356",,1.75,0.4,,0,-3.58,-3.86,-3.16,,14.21,,,,,1
SSF,494, i | 1 | 2 | 3 ,,13.1,0.77,"30,800",401,"3,537",21.88,1.92,0.68,0.3,0.6,15.94,8.85,1.78,2.31,25.15,,595,347,-0.04,2
SSI,495, i | 1 | 2 | 3 ,SPNPNC,0.05,0,0,0,"1,608",,,-1.53,,0,-0.76,,-14.01,,50.38,,,,,
SSSC,496, i | 1 | 2 | 3 ,,4.16,0,"395,600","1,649","2,662",9.68,0.95,0.3,2.2,0.43,9.71,10.07,7.12,5.29,41.81,,349,263,2.12,3
SST,497, i | 1 | 2 | 3 ,,10.2,0,"172,000","1,762","4,649",,2.49,1.64,0.01,0,-1.93,-7.2,-0.56,0.1,43.19,15.83,,,,2
STA,498, i | 1 | 2 | 3 ,,15.4,-0.65,"5,706,300","88,449","19,712",,1,2.37,0.4,0,0.23,-2.87,0.03,2.58,54.24,,,,,2
STANLY,499, i | 1 | 2 | 3 ,,209,0,"76,500","15,989","16,015",12.6,1.2,0.14,5,16.59,10.68,9.83,11.08,2.39,38.15,,428,304,1.12,1
STAR,500, i | 1 | 2 | 3 ,,5.2,-0.95,"1,498,700","7,913","1,409",,5.91,1.63,,0,-21.16,-102.82,-22.23,,79.37,,,,,
STEC,501, i | 1 | 2 | 3 ,,26.5,2.91,"14,255,500","373,096","40,415",29.68,3.84,1.29,0.22,0.89,7.23,13.56,4.95,0.85,64.73,,535,629,2.64,3
STHAI,502, i | 1 | 2 | 3 ,SPNC,0.91,0,0,0,"9,090",,91,0.12,,0,-0.65,-0.89,-9.4,,85.64,,,,,
STPI,503, i | 1 | 2 | 3 ,,8.55,-1.16,"2,043,100","17,552","13,895",24.88,1.33,0.14,0.39,0.34,5.68,5.34,-48.86,4.51,80.71,13.14,718,653,0.52,1
SUC,504, i | 1 | 2 | 3 ,,40.25,0,"74,600","2,993","12,075",8.22,0.61,0.16,2,4.9,8.27,7.71,14.1,4.97,56.34,,382,278,0.48,1
SUPER,505, i | 1 | 2 | 3 ,,1.51,-0.66,"589,800,300","903,896","41,298",48.65,3.43,2.75,,0.03,5.27,7.37,31.89,,51,17.95,796,805,1.47,
SUSCO,506, i | 1 | 2 | 3 ,,3.72,-0.53,"2,572,100","9,564","4,092",15.04,1.19,0.59,0.06,0.25,6.25,8.17,1.06,2.94,64.67,13.84,522,507,0.12,2
SUTHA,507, i | 1 | 2 | 3 ,,5.8,0.87,"35,700",209,"1,740",26.75,2.89,0.67,0.09,0.22,7.44,10.35,9.19,2.96,25.47,,601,592,-2.94,2
SVH,508, i | 1 | 2 | 3 ,,344,0,"1,000",344,"34,400",24.75,4.53,0.34,6,13.9,17.29,18.82,14.38,3.2,4.23,,409,359,1.91,
SVI,509, i | 1 | 2 | 3 ,,5.7,-2.56,"9,542,900","54,735","12,915",7.38,1.78,0.53,0.08,0.77,19.39,26.9,5.79,1.37,45.05,,69,68,-0.03,3
SVOA,510, i | 1 | 2 | 3 ,,1.47,0.68,"2,398,100","3,558","1,039",17.03,0.71,1.99,0.01,0.09,3.04,4.21,1.35,0.96,65.33,,647,657,67.05,
SWC,511, i | 1 | 2 | 3 ,,11.5,0.88,"56,400",643,"1,725",11.85,2.28,0.34,0.2,0.97,18.74,20.24,13.82,3.95,38.32,,207,162,0.68,2
SYMC,512, i | 1 | 2 | 3 ,,11.6,-0.85,"21,000",246,"3,775",32.55,2.64,1.89,,0.36,5.88,8.47,7.61,,44.84,,705,713,-2.67,2
SYNEX,513, i | 1 | 2 | 3 ,,12.7,-2.31,"3,945,900","51,121","9,783",21.42,3.71,2.55,0.26,0.59,7.91,18.08,1.81,2.77,25.11,,389,531,2.13,2
SYNTEC,514, i | 1 | 2 | 3 ,,4.84,2.54,"18,793,900","90,179","7,744",8.69,1.72,0.92,0.11,0.56,13.31,21.77,11.93,3.18,69.16,10.63,117,158,0.47,2
T,515, i | 1 | 2 | 3 ,,0.12,0,"7,676,500",922,"1,214",,2,0.85,,0,-23.55,-39.21,2.33,,78.26,,,,,
TACC,516, i | 1 | 2 | 3 ,,6.85,-0.72,"859,600","5,930","4,165",40.15,6.12,0.34,0.08,0.17,14.65,15.71,9,2.03,52.52,,557,499,0.81,1
TAE,517, i | 1 | 2 | 3 ,,2.88,1.41,"468,600","1,345","2,880",17.87,1.6,0.77,0.05,0.16,6.46,8.96,9.58,5.28,40.81,,543,539,0.76,2
TAKUNI,518, i | 1 | 2 | 3 ,,1.17,0,"1,725,800","2,015",936,56.33,1.16,0.61,0.03,0.02,3.58,2.05,0.29,2.67,46.65,,930,879,2.81,2
TAPAC,519, i | 1 | 2 | 3 ,,18.7,0,"138,200","2,593","7,254",51.97,8.9,0.93,0.04,0.36,13.45,22.3,6.66,0.14,47.26,,519,559,0.77,
TASCO,520, i | 1 | 2 | 3 ,,23.7,-3.27,"30,187,100","722,388","36,838",11.65,2.79,0.6,0.6,2.03,20.03,25.88,14.38,3.67,36.28,,155,137,0.17,2
TBSP,521, i | 1 | 2 | 3 ,,16,0,0,0,"1,760",19.54,2.72,0.52,0.53,0.82,11.38,14.74,7.7,4.38,29.09,,407,394,8.31,2
TC,522, i | 1 | 2 | 3 ,,3.2,-0.62,"56,900",183,"1,056",,0.61,0.43,0.1,0,-6.99,-8.84,-6.57,3.11,50.33,,,,,
TCAP,523, i | 1 | 2 | 3 ,,46.25,-1.07,"4,759,100","220,451","55,799",8.6,0.92,14.49,1.2,5.38,1.43,10.99,11.4,4.28,78.42,,301,539,0.86,3
TCB,524, i | 1 | 2 | 3 ,,38,-0.65,"61,400","2,335","11,400",4.98,0.79,0.34,0.8,7.63,14.52,17.28,34.72,2.09,30.26,,129,93,0.08,
TCC,525, i | 1 | 2 | 3 ,,0.73,0,"11,062,400","8,011",934,,1.11,0.13,,0,-0.72,-1.44,-6.5,,68.37,,,,,2
TCCC,526, i | 1 | 2 | 3 ,,59.75,0.42,"5,000",299,"34,937",13.89,4.32,0.53,3.2,4.3,27.99,32.38,15.55,5.38,16.54,,192,177,0.56,1
TCJ,527, i | 1 | 2 | 3 ,,9.3,0.54,"315,500","2,933",816,35.47,0.61,1.24,,0.26,3.78,1.73,5.92,,63.12,,864,798,-43.79,
TCMC,528, i | 1 | 2 | 3 ,,3.96,-0.5,"2,866,800","11,397","2,015",11.82,1.46,2.21,0.12,0.34,9.23,13.54,3.68,3.02,67.33,,303,331,4.84,1
TCOAT,529, i | 1 | 2 | 3 ,,30,0,800,24,315,6.99,0.64,0.18,0.8,4.29,7.98,9.52,3.18,2.67,27.04,,330,278,-0.05,
TEAM,530, i | 1 | 2 | 3 ,,1.42,0.71,"249,300",355,905,73.32,1.33,0.47,,0.02,0.94,1.82,-5.96,,24.19,,943,984,0.55,1
TF,531, i | 1 | 2 | 3 ,,211,0.96,"1,000",209,"37,980",17.23,2.35,0.19,2.2,12.24,13.38,14.44,14.97,2.32,21.72,,390,330,1.1,2
TFD,532, i | 1 | 2 | 3 ,,2.14,2.88,"5,773,600","12,301","3,490",,1.81,3.94,,0,0.34,-20.89,-54.45,,54.21,18.5,,,,1
TFG,533, i | 1 | 2 | 3 ,,6.05,-0.82,"1,680,500","10,208","30,907",22.37,4.96,1.61,,0.27,11.97,24.67,2.29,,16.28,15.76,338,414,-0.12,1
TFI,534, i | 1 | 2 | 3 ,,1.04,-0.95,"653,800",676,"2,129",,3.47,2.56,,0,-0.87,-23.04,-7.91,,15.38,,,,,2
TGCI,535, i | 1 | 2 | 3 ,,2.38,-0.83,"62,500",150,"4,040",22.44,1.21,0.18,0.08,0.11,5.73,5.43,6.26,3.33,16.82,,693,628,-5.23,2
TGPRO,536, i | 1 | 2 | 3 ,,0.18,0,"10,862,000","1,960","1,905",36.02,0.9,0.53,,0,2.75,2.72,0.94,,60.59,,846,839,-0.18,
TH,537, i | 1 | 2 | 3 ,,0.72,0,"278,000",198,695,,0.63,0.04,,0,-5.45,-5.49,-14.05,,61.96,,,,,
THAI,538, i | 1 | 2 | 3 ,,19.6,-2,"29,759,500","593,588","42,782",,1.16,6.66,,0,0.53,-7.51,6.14,,46.84,,,,,2
THANA,539, i | 1 | 2 | 3 ,,3.3,-7.3,"16,339,200","56,756",836,30.12,1.86,2.08,,0.11,3.87,6.24,6.19,,30.72,,747,761,-0.28,2
THANI,540, i | 1 | 2 | 3 ,,6.05,5.22,"25,030,800","150,094","14,618",15.93,2.78,5.68,0.21,0.38,3.5,18.29,31.18,3.65,27.12,,310,617,0.38,2
THCOM,541, i | 1 | 2 | 3 ,,17.7,0.57,"4,743,400","85,003","19,399",16.57,1.08,0.77,0.7,1.07,5.93,6.59,8.92,3.98,50.02,,590,541,0.18,3
THE,542, i | 1 | 2 | 3 ,,4.3,0,"1,948,300","8,378","4,730",14.15,2.62,1.84,0.1,0.3,9.38,19.29,2.37,5.81,23,,268,381,-0.01,
THIP,543, i | 1 | 2 | 3 ,,380,0,"1,100",419,"3,040",9.69,2.17,0.31,14.18,39.22,23.24,24.37,8.83,3.73,28.21,,123,87,0.23,2
THL,544, i | 1 | 2 | 3 ,SPNC,0.46,0,0,0,348,,,0.09,,0,-3.54,-4.39,-26.59,,44.17,,,,,
THRE,545, i | 1 | 2 | 3 ,,1.8,-2.17,"2,909,000","5,286","7,587",20.94,1.43,1.67,0.05,0.09,3.26,6.61,4.98,8.15,52.39,,651,701,-0.46,2
THREL,546, i | 1 | 2 | 3 ,,8.35,-1.18,"1,075,400","9,069","5,010",15.28,3.46,0.52,0.2,0.55,18.15,22.72,24.27,4.73,81.87,,257,241,1.07,2
TIC,547, i | 1 | 2 | 3 ,,24.6,0,100,2,578,8.59,0.91,4.07,0.7,2.86,2.73,11.53,6.5,2.85,39.86,,280,492,-0.24,1
TICON,548, i | 1 | 2 | 3 ,,14.5,-1.36,"236,500","3,463","26,595",233.12,1.08,0.75,0.08,0.06,2.42,0.62,15.7,0.54,26.21,,993,959,12.04,2
TIP,549, i | 1 | 2 | 3 ,,44.75,0,"446,000","20,038","13,425",8.44,1.91,6.67,2,5.3,3.64,23.63,28.84,6.15,54.53,,103,454,0.04,
TIPCO,550, i | 1 | 2 | 3 ,,16.4,-1.8,"5,144,400","84,640","7,914",9.29,1.83,0.64,0.16,1.77,12.44,20.83,24.46,2.34,45.44,11.05,136,179,0.04,2
TISCO,551, i | 1 | 2 | 3 ,,77.25,-0.96,"1,790,600","138,478","61,850",11.8,1.89,7.13,3.5,6.55,2.39,16.86,26.27,4.49,77.39,,246,580,1.29,3
TIW,552, i | 1 | 2 | 3 ,,146.5,0,0,0,879,,1.14,0.14,1,0,-4.06,-4.41,-10.8,0.68,17.01,,,,,1
TK,553, i | 1 | 2 | 3 ,,10.9,0,"397,700","4,329","5,450",12.87,1.18,0.92,0.45,0.85,6.3,9.35,11.9,4.13,25.94,,450,458,1.91,2
TKN,554, i | 1 | 2 | 3 ,,22.4,-1.32,"5,184,500","116,774","30,912",39.03,12.95,0.39,0.3,0.57,32.81,36.04,15.15,2.16,33.56,,424,410,0.4,1
TKS,555, i | 1 | 2 | 3 ,,12.1,2.54,"6,042,000","72,453","4,359",12.98,2.4,0.29,0.5,0.93,17.05,19.21,21.65,5.51,60.93,,243,201,1.65,2
TKT,556, i | 1 | 2 | 3 ,,2.36,2.61,"22,037,600","52,820",505,,1.36,1.74,,0,-6,-16.1,-2.74,,47.71,,,,,3
TLUXE,557, i | 1 | 2 | 3 ,,10.5,0,"909,500","9,553","5,912",25.38,3.13,0.96,,0.41,13.45,13.42,-3.09,,81.28,11.3,501,417,-0.2,1
TM,558, i | 1 | 3 ,,3.36,0,"162,200",540,"1,035",38.02,2.85,0.88,0.01,0.09,7.04,8.67,5.31,0.15,28.47,,719,685,-5.71,
TMB,559, i | 1 | 2 | 3 ,,2.16,0.93,"66,099,300","142,524","94,694",11.51,1.1,8.37,0.06,0.19,1.21,9.9,18.16,2.8,48.85,,391,602,0.23,3
TMC,560, i | 1 | 2 | 3 ,,1.59,-0.63,"264,100",422,579,,1.27,1.1,,0,-13.88,-35.25,4.09,,56.8,,,,,2
TMD,561, i | 1 | 2 | 3 ,,22.6,-0.44,"1,100",25,"3,390",10.84,1.4,0.12,1.2,2.08,11.91,13.3,15.49,5.29,34.73,,283,223,0.91,1
TMI,562, i | 1 | 2 | 3 ,,1.22,-0.81,"221,500",272,819,237.54,3.39,0.61,0.01,0.01,2.07,1.42,1.58,0.49,25.61,,976,974,2.98,2
TMILL,563, i | 1 | 2 | 3 ,,5.35,23.84,"114,838,100","566,575","1,831",19.37,2.15,0.67,0.07,0.28,8.56,11.39,12.17,3.47,28.76,,490,480,0.66,2
TMT,564, i | 1 | 2 | 3 ,,14.2,-2.07,"870,300","12,438","6,182",6.97,2,1.11,1.5,2.04,19.9,31.83,6.9,10.34,21.79,,58,57,0.06,2
TMW,565, i | 1 | 2 | 3 ,,41.5,0.61,"16,300",672,"1,656",9.47,0.93,0.42,1.31,4.38,9.15,10.16,7.09,3.18,26.7,,344,279,0.02,
TNDT,566, i | 1 | 2 | 3 ,,9.5,0,"4,000",38,950,36.27,1.83,0.76,0.12,0.26,4.05,5.07,0.52,1.26,48.11,,805,795,-2.41,3
TNH,567, i | 1 | 2 | 3 ,,34.5,-1.43,"71,200","2,471","6,210",22.05,5.32,0.23,0.65,1.56,25.69,25.96,13.78,1.86,51,,326,297,1.9,
TNITY,568, i | 1 | 2 | 3 ,,7,-0.71,"1,472,500","10,307","1,382",8.74,0.84,1.79,0.4,0.8,4.41,9.78,16.78,9.22,52.46,,343,437,1.03,2
TNL,569, i | 1 | 2 | 3 ,,23.5,0,0,0,"2,820",13.94,0.78,0.16,0.85,1.69,4.93,5.78,8.91,3.7,23.7,,565,539,-3.05,2
TNP,570, i | 1 | 2 | 3 ,,2.82,-0.7,"574,500","1,629","2,256",38.08,3.86,0.25,0.02,0.07,10.07,10.33,3.83,1.06,27.67,,678,586,0.9,1
TNPC,571, i | 1 | 2 | 3 ,,1.7,0,"413,700",695,543,142.22,0.9,0.74,0.03,0.01,4.53,0.62,0.74,1.76,64.97,,988,880,-0.95,
TNR,572, i | 1 | 3 ,,21.2,0.95,"736,400","15,561","6,360",43.01,7.02,0.36,0.05,0.49,-0.09,1.49,1.39,0.24,24.99,,902,,,
TOG,573, i | 1 | 2 | 3 ,,8.5,-0.58,"93,400",794,"4,032",18.16,2.12,0.39,0.32,0.47,11.14,11.75,10.14,4.91,37.98,,466,386,-0.3,2
TOP,574, i | 1 | 2 | 3 ,,77.75,0,"3,759,500","293,871","158,612",6.73,1.39,0.88,3,11.55,14.65,22.34,7.9,5.79,50.19,,89,109,-0.07,3
TOPP,575, i | 1 | 2 | 3 ,,200,0,0,0,"1,200",10.18,1.06,0.21,5.15,19.65,9.86,10.77,8.83,2.58,15.01,,338,268,1.43,1
TPA,576, i | 1 | 2 | 3 ,,7.65,0,"11,100",85,929,18.57,1.39,0.52,0.5,0.41,6.43,7.47,0.82,6.54,23.56,,589,552,1,1
TPAC,577, i | 1 | 2 | 3 ,,7.15,-0.69,"66,600",481,"1,815",17.66,1.76,0.18,0.11,0.4,9.61,10.44,5.9,2.92,20.36,,498,428,2.09,1
TPBI,578, i | 1 | 2 | 3 ,,14.2,1.43,"78,600","1,108","5,680",16.14,2.12,0.39,0.6,0.88,12.27,13.49,4.49,8.14,28.72,,395,330,2.09,
TPC,579, i | 1 | 2 | 3 ,,40.25,1.26,"451,400","17,773","35,219",11.7,1.95,0.33,1.75,3.44,,,,6.42,,,,,0.3,2
TPCH,580, i | 1 | 2 | 3 ,,18.4,-0.54,"2,226,800","41,309","7,382",31.58,3.62,1.09,0.03,0.58,8.73,12.17,26.59,0.16,57.52,,595,594,0.18,1
TPCORP,581, i | 1 | 2 | 3 ,,19.8,1.02,"16,200",319,"2,138",10.52,0.93,0.12,0.7,1.88,7.94,8.88,20.82,8.67,25.52,,398,335,0.16,2
TPIPL,582, i | 1 | 2 | 3 ,,2.28,0,"26,210,800","59,438","46,033",,0.98,1.17,0.02,0,0.85,-0.5,2.49,0.88,41.12,,,,,1
TPIPP,583, i | 1 | 3 ,,6.7,0,"9,354,500","62,682","56,280",29.83,,0.24,0.1,0.22,,,,,29.38,,,,,
TPOLY,584, i | 1 | 2 | 3 ,,4.3,1.42,"3,254,700","14,042","2,438",16.87,1.91,2.81,0.01,0.25,7.07,12.05,4.33,0.27,58.97,,443,498,-0.16,1
TPP,585, i | 1 | 3 ,,22.6,0,0,0,848,97.85,1.07,0.17,0.3,0.23,1.29,1.09,-3.45,1.33,28.55,,968,980,-1.3,
TR,586, i | 1 | 2 | 3 ,XD,44,-2.22,"42,000","1,850","8,870",3.81,0.41,0.1,1.05,11.54,11.2,11.5,21.81,2.33,44.29,,239,153,,
TRC,587, i | 1 | 2 | 3 ,,1.32,-2.22,"122,864,200","167,115","7,748",42.05,2.87,0.85,,0.03,5.47,7.09,-4.24,0.26,63.81,,781,774,1.73,2
TRITN,588, i | 1 | 2 | 3 ,,0.27,3.85,"4,388,300","1,185","2,169",,2.45,0.21,,0,-23.6,-33.32,-34.32,,73.78,14.23,,,,1
TRT,589, i | 1 | 2 | 3 ,,3.76,0,"79,100",297,"1,158",81.4,1.05,1.94,0.13,0.05,2.11,1.29,-5.15,3.46,67.14,,961,952,-4.71,1
TRU,590, i | 1 | 2 | 3 ,,4.22,-0.94,"218,400",920,"2,493",28.5,0.79,0.12,0.09,0.15,2.65,2.76,4.23,2.11,27.76,,794,794,2.62,2
TRUBB,591, i | 1 | 2 | 3 ,,2.24,-0.88,"2,666,400","5,985","1,527",,0.72,2.73,,0,2.11,-3.69,3.42,,63.6,,,,,
TRUE,592, i | 1 | 2 | 3 ,,5.9,-0.84,"100,559,700","598,072","196,872",,1.52,2.57,,0,0.39,-5.75,-3.14,,31.63,,,,,2
TSC,593, i | 1 | 2 | 3 ,,10.8,0,"2,000",22,"2,806",20.1,1.71,0.65,0.25,0.54,6.03,8.5,4.93,4.63,23.02,,590,591,2.73,3
TSE,594, i | 1 | 2 | 3 ,,5.1,-0.97,"430,200","2,200","9,257",14.96,1.97,0.72,0.11,0.34,11.06,13.93,57.41,2.14,36.84,,363,343,-0.01,2
TSF,595, i | 1 | 2 | 3 ,,0.18,-5.26,"17,924,800","3,273","1,151",,6,2.76,,0,-35.88,-87.09,-219.95,,94.12,,,,,
TSI,596, i | 1 | 2 | 3 ,,0.45,-2.17,"459,200",207,413,,1.73,5.55,,0,-8.92,-53.75,-8.94,,29.85,,,,,
TSR,597, i | 1 | 2 | 3 ,,4.84,-1.22,"311,900","1,519","2,261",33.26,2.28,0.82,,0.15,6.27,7.05,4.16,2.24,32.86,,745,699,1.97,2
TSTE,598, i | 1 | 2 | 3 ,,7.95,0,"15,200",120,"3,047",28.84,1.14,0.65,0.06,0.28,4.68,4.75,9.44,0.75,26.43,,764,729,0.44,2
TSTH,599, i | 1 | 2 | 3 ,,0.92,-2.13,"5,475,200","5,116","7,748",36.12,0.88,0.48,,0.03,4.19,2.47,1.09,,32.1,,852,790,-0.09,2
TTA,600, i | 1 | 2 | 3 ,,9,-0.55,"1,859,400","16,798","16,402",,0.81,0.68,0.05,0,1.63,-0.48,2.59,0.55,72.17,,,,,2
TTCL,601, i | 1 | 2 | 3 ,,17.2,1.18,"3,278,600","56,502","9,632",31.59,1.87,3.81,0.22,0.54,3.24,5.86,1.17,2.47,66.17,,770,802,11.75,3
TTI,602, i | 1 | 2 | 3 ,,30,0,0,0,"1,500","2,452.34",0.99,1.6,0.5,0.01,2.51,0.04,0.64,1.67,27.29,,"1,011",962,-8.32,1
TTL,603, i | 1 | 2 | 3 ,SPNP,106,0,0,0,"1,590",2.69,1.14,,1,39.35,0.64,0.3,23.28,0.97,25.07,,501,520,0.05,
TTTM,604, i | 1 | 3 ,,105,-2.78,"4,200",441,630,133.92,0.43,0.1,1,0.78,0.37,0.32,0.42,1.85,39.65,,990,"1,019",1.77,
TTW,605, i | 1 | 2 | 3 ,,10.4,-0.95,"2,726,500","28,605","41,496",16.94,3.42,1.15,0.3,0.61,13.43,20.32,43.81,5.71,35.08,,305,327,4.48,2
TU,606, i | 1 | 2 | 3 ,,21,-1.41,"9,701,600","204,590","100,208",18.25,2.29,2.12,0.31,1.15,6.66,12.45,4.48,2.96,65.85,,453,537,2.61,3
TUCC,607, i | 1 | 2 | 3 ,SPNPNC,0.52,0,0,0,162,,,-5.27,,0,,,,,37.76,,,,,
TVD,608, i | 1 | 2 | 3 ,,1.9,2.7,"1,416,900","2,661","1,236",,1.9,1.36,,0,-0.02,-4.59,-1.23,3.78,65.94,,,,,2
TVI,609, i | 1 | 2 | 3 ,,3.84,-2.54,"8,100",31,"1,164",28.67,1.03,3.28,0.05,0.13,0.93,3.61,2.59,1.27,30.16,,785,855,0.59,1
TVO,610, i | 1 | 2 | 3 ,,31.75,2.42,"5,915,900","184,873","25,673",10.07,2.92,0.52,1.5,3.15,24.67,30.32,4.31,8.87,58.1,,103,89,0.22,2
TVT,611, i | 1 | 2 | 3 ,,1.63,-1.81,"335,400",551,"1,304",61.94,1.99,0.19,0.05,0.03,3.18,3.08,-3.12,2.71,38.19,,909,899,0.9,
TWP,612, i | 1 | 2 | 3 ,,5.4,-1.82,"797,300","4,347","1,458",22.02,0.92,0.12,0.06,0.25,6.71,4.25,7.84,1.09,63.4,12.14,706,580,1.19,1
TWPC,613, i | 2 ,,9.8,-0.51,"1,131,000","11,151","8,628",13.46,1.65,0.18,0.21,0.73,14.16,12.65,9.34,3.05,45.65,,368,251,0.02,2
TWZ,614, i | 1 | 2 | 3 ,,0.26,0,"6,485,600","1,693","1,621",53.38,0.7,1.07,0.01,0,3.38,1.31,0.55,3.02,91.32,,941,881,0.17,
TYCN,615, i | 1 | 2 | 3 ,,4.08,0.99,"2,061,200","8,413","2,435",27.38,0.47,0.34,,0.15,2.46,1.73,2.14,,24.51,,806,791,-0.07,
U,616, i | 1 | 2 | 3 ,,0.03,0,"228,459,900","8,047","16,841",,1,0.34,,0,-0.24,-1.44,6.95,,52.73,,,,,1
UAC,617, i | 1 | 2 | 3 ,,5.55,-4.31,"4,372,800","25,186","3,705",113.59,2.97,1.4,0.05,0.05,3.58,2.58,6.55,0.86,29.75,,942,902,61.14,2
UBIS,618, i | 1 | 2 | 3 ,,8.45,-2.87,"5,698,200","48,908","1,927",16.75,3.74,1.23,,0.5,14.66,24.03,10.1,,71.39,,273,299,1.06,1
UEC,619, i | 1 | 2 | 3 ,,2.52,-3.08,"1,343,500","3,406","1,438",53.08,0.93,0.13,0.02,0.05,2.03,1.73,0.51,2.69,64.91,,928,937,-3.22,
UKEM,620, i | 1 | 2 | 3 ,,2.08,0.97,"24,078,000","50,637","1,714",10.29,1.78,1.05,0.05,0.2,13.93,18.94,5.34,2.18,45.18,,177,176,1.39,
UMI,621, i | 1 | 2 | 3 ,,3.1,-0.64,"298,400",929,"2,593",27.07,1.63,1.28,0.09,0.11,3.74,5.91,2.91,2.72,53.52,,726,740,-0.26,1
UMS,622, i | 1 | 2 | 3 ,,2.2,-0.9,"26,100",58,"1,107",,12.22,10.07,,0,-2.06,-47.03,-8.97,,8.58,,,,,
UNIQ,623, i | 1 | 2 | 3 ,,17.7,4.12,"25,744,900","453,060","19,134",20.6,2.9,2.74,0.33,0.86,7.11,14.7,7,1.94,52.06,,427,549,-0.04,
UOBKH,624, i | 1 | 2 | 3 ,,3.9,-1.52,"3,200",12,"1,960",7.41,0.61,0.94,0.1,0.53,5.65,8.47,22.69,2.53,15.43,,359,378,0.39,
UP,625, i | 1 | 2 | 3 ,,27.25,-0.91,300,8,681,17.68,1.22,0.27,1.34,1.54,5.61,6.94,0.67,4.87,30.52,,592,573,-5.06,2
UPA,626, i | 1 | 2 | 3 ,,0.5,0,"2,257,800","1,134","3,335",,1.16,0.08,,0,-1.66,-2.05,-135.97,,58.92,,,,,
UPF,627, i | 1 | 2 | 3 ,,81,-1.52,500,41,608,11.99,1.5,0.24,7.1,6.75,12.19,12.71,5.95,8.63,18.14,,333,248,0.71,2
UPOIC,628, i | 1 | 2 | 3 ,,6.1,0.83,"20,100",123,"1,977",258.83,1.75,0.35,0.15,0.02,1.65,0.67,-12.6,2.48,24.33,,992,985,-1.48,1
UREKA,629, i | 1 | 2 | 3 ,,1.07,-0.93,"5,718,300","6,165",680,,3.45,1.13,,0,-19.01,-42.95,-38.93,,43.13,,,,,
UT,630, i | 1 | 2 | 3 ,,13.1,0,0,0,590,24.32,0.91,0.16,,0.54,3.11,3.83,2.98,,25.23,,739,736,-0.11,1
UTP,631, i | 1 | 2 | 3 ,,7.9,-0.63,"1,889,400","15,043","5,135",27.29,2.44,0.58,0.15,0.29,7.39,9.14,10.98,1.89,36.4,,645,602,0.15,
UV,632, i | 1 | 2 | 3 ,,8.65,-1.14,"11,416,700","98,856","16,538",11.98,1.73,2.18,0.2,0.72,6.72,15.4,9.54,2.29,33.99,,271,422,0.13,3
UVAN,633, i | 1 | 2 | 3 ,,7.4,-0.67,"564,600","4,213","6,956",18.03,2.09,0.14,0.23,0.41,11.65,11.66,7.93,5.37,55.45,,468,371,-0.81,
UWC,634, i | 1 | 2 | 3 ,,0.15,0,"6,804,500","1,028","1,974",,0.94,0.71,,0,-0.35,-1.48,-3.81,,60.77,,,,,1
VARO,635, i | 1 | 2 | 3 ,,7.85,0,"55,500",436,784,26.59,0.72,0.69,0.12,0.3,1.96,2.74,5.13,1.53,15.09,,773,801,-0.09,
VGI,636, i | 1 | 2 | 3 ,,5.35,0,"2,955,000","15,805","36,724",44.44,19.81,2.63,0.03,0.12,18.22,40.33,24.61,1.12,25.11,,445,479,0.75,3
VIBHA,637, i | 1 | 2 | 3 ,,2.74,0,"8,024,200","22,033","36,068",52.47,5.59,0.8,0.04,0.05,9.44,11.49,10.38,1.28,36.11,,694,664,1.03,1
VIH,638, i | 1 | 2 | 3 ,,8.05,0,"2,407,200","19,524","4,594",33.65,4.5,0.69,0.11,0.24,11.56,13.85,5.38,1.37,29.54,,560,522,0.2,2
VNG,639, i | 1 | 2 | 3 ,,13.1,-0.76,"2,130,800","27,826","20,528",13.35,2.39,0.71,0.3,0.98,12.51,18.78,9.79,3.79,22.44,,259,272,-0.11,
VNT,640, i | 1 | 2 | 3 ,,19.9,-0.5,"863,200","17,160","23,585",13.14,1.39,0.14,0.45,1.51,9.59,11.02,16.18,2.25,16.25,,405,356,-0.09,2
VPO,641, i | 1 | 3 ,,1.25,-0.79,"514,300",656,"1,175",,1.39,0.9,,0,-11.27,-22.32,-15.49,,25,,,,,1
VTE,642, i | 1 | 2 | 3 ,,2.08,1.96,"1,208,300","2,525","1,728",,1.18,1.37,,0,3.21,-0.16,-19.74,,76.6,,,,,1
WACOAL,643, i | 1 | 2 | 3 ,,47.5,0,0,0,"5,700",17.9,1.02,0.22,1.3,2.65,5.17,5.85,7.86,2.72,29.69,,629,596,-8.51,3
WAVE,644, i | 1 | 2 | 3 ,,3.66,0,"354,800","1,298","1,542",,1.47,1.82,,0,0.84,-1.35,-13.19,,47.6,,,,,3
WG,645, i | 1 | 2 | 3 ,,149,0,0,0,"2,660",14.53,1.52,0.16,5,10.25,11.36,10.72,16.24,3.36,50.95,,446,326,8.82,
WHA,646, i | 1 | 2 | 3 ,,3.18,0,"23,410,400","74,509","45,545",15.93,2.12,2.4,0.15,0.2,8.13,14.15,5.92,4.83,39.87,,375,443,0.12,
WHAUP,647, i | 1 | 2 | 3 ,,27.5,0,"2,609,300","71,986","21,038",36.27,,1.45,,0.76,,,,,26.43,,,,,
WICE,648, i | 1 | 2 | 3 ,,4.3,0,"1,726,900","7,469","2,803",30.63,3.5,0.26,0.08,0.14,13.62,12.97,7.32,1.86,40.31,,565,465,2.51,1
WIIK,649, i | 1 | 2 | 3 ,,5.15,0.98,"10,708,200","55,742","1,931",14.52,2.02,0.77,0.2,0.35,9.89,14.61,9.89,3.92,73.4,,341,370,-0.01,1
WIN,650, i | 1 | 2 | 3 ,,0.64,-1.54,"2,327,300","1,498",326,23.51,1.14,1.02,,0.03,4.13,5.65,14.08,,58.48,,697,694,-0.12,1
WINNER,651, i | 1 | 2 | 3 ,,3.9,-0.51,"614,200","2,401","1,560",15.12,2.48,0.41,0.13,0.26,14.71,16.67,5.46,5.87,38.59,,320,274,3.62,2
WORK,652, i | 1 | 2 | 3 ,,64.5,0.78,"2,973,100","193,810","27,097",78.94,8.34,0.73,0.27,0.82,10,11.28,21.29,0.42,33.99,,723,667,0.66,
XO,653, i | 1 | 2 | 3 ,,5.65,0.89,"375,000","2,118","1,982",34.7,3.65,0.41,0.08,0.16,8.58,10.73,5.64,1.43,37.24,10.84,651,617,0.12,1
YCI,654, i | 1 | 2 | 3 ,SPNC,13.2,0,0,0,92,,,0.49,,0,-5.62,-18.31,-24.91,,43.24,,,,,
YNP,655, i | 1 | 2 | 3 ,SPNPNC,0.29,0,0,0,464,,,-2.84,,0,-0.81,,-2.35,,56.16,,,,,
YUASA,656, i | 1 | 2 | 3 ,,23.6,-0.42,"29,300",693,"2,540",19.55,4.9,1.26,0.19,1.21,15.67,28.35,6.34,0.8,13.95,,288,322,-0.12,2
ZMICO,657, i | 1 | 2 | 3 ,,1.47,0.68,"2,996,500","4,386","1,922",5.23,0.72,0.36,0.1,0.28,11.97,14.66,63.68,6.85,83.91,,173,139,0.04,2
